line,schedule,map,en-update,en-reason,es-update,es-reason,hy-update,hy-reason,zh-tw-update,zh-tw-reason,ko-update,ko-reason,ja-update,ja-reason,ru-update,ru-reason,vi-update,vi-reason
4,004_TT_12-15-24.pdf,,Adjusted Saturday and Sunday schedules. Small number of weekdays trips discontinued in line with overall ridership.,For improved reliability better reflecting actual travel times. Savings reallocated to other improvements.,Se ajustaron los horarios de los sábados y domingos. Se suspendieron un pequeño número de viajes entre semana en consonancia con el número general de pasajeros.,"Para mejorar la confiabilidad, reflejar mejor los tiempos de viaje reales. Ahorros reasignados a otras mejoras.",Ճշգրտվել են շաբաթ և կիրակի օրերի ժամանակացույցները։ Աշխատանքային օրերի փոքր թվով ուղևորություններ դադարեցվել են՝ հաշվի առնելով ուղոևորների ընդհանուր թիվը։,Բարելավված հուսալիության համար ավելի լավ են արտացոլվում ճամփորդության իրական ժամանակները։ Խնայողությունները վերաբաշխված են այլ բարելավումների համար։,週六、週日班次有所調整。因應整體乘客量，部分工作日班次取消。,以提高可靠性，更有效反映實際行程時間。節省的資金重新分配給其他改進。,"토요일, 일요일 일정이 조정되었습니다. 전체 승객 수에 맞춰 일부 평일 운행이 중단되었습니다.",실제 이동 시간을 더 정확히 반영하여 신뢰성을 개선합니다. 절감액을 다른 개선 사항에 재배치했습니다.,土日のスケジュールを調整しました。全体的な乗客数に合わせ、少数の平日の運行が廃止されました。,信頼性を向上させるため、実際の移動時間をより適切に反映させます。節約時間は他の改善に再配分されました。,Уточненное расписание на субботу и воскресенье. С учетом общего пассажиропотока было отменено небольшое количество рейсов в будние дни.,Для повышения надежности и более точного отражения фактического времени в пути. Сэкономленные средства были использованы на другие улучшения.,Đã điều chỉnh lịch trình Thứ Bảy và Chủ Nhật. Một số ít chuyến đi vào các ngày trong tuần bị hủy bỏ do lượng hành khách tổng thể.,Để cải thiện độ tin cậy nhằm phù hợp hơn với thời gian di chuyển thực tế. Khoản tiết kiệm được phân bổ lại cho các hoạt động cải tiến khác.
10,010_TT_12-15-24.pdf,,"Adjusted Weekday, Saturday and Sunday schedules",For improved reliability better reflecting actual travel times,"Se ajustaron los horarios de los días laborables, sábados y domingos","Para mejorar la confiabilidad, reflejar mejor los tiempos de viaje reales","Ճշգրտվել են աշխատանքային օրերի, շաբաթ և կիրակի օրերի ժամանակացույցները",Բարելավված հուսալիության համար ավելի լավ են արտացոլվում ճամփորդության իրական ժամանակները,已調整工作日、週六和週日時間表,以提高可靠性，更有效反映實際行程時間,"평일, 토요일, 일요일 일정 조정",실제 이동 시간을 더 정확히 반영하여 신뢰성 개선,平日土日スケジュールの調整,信頼性を向上させるため、実際の移動時間をより適切に反映,"Уточненное расписание на субботу, воскресенье и будние дни",Для повышения надежности и более точного отражения фактического времени в пути,"Đã điều chỉnh lịch trình Các Ngày Trong Tuần, Thứ Bảy và Chủ Nhật",Để cải thiện độ tin cậy nhằm phù hợp hơn với thời gian di chuyển thực tế
14,014_TT_12-15-24.pdf,,Adjusted Weekday schedule. Added trips weekdays.,For improved reliability better reflecting actual travel times. Added trip to accomodate more riders.,Se ajustaron los horarios de los días laborables. Se agregaron viajes entre semana.,"Para mejorar la confiabilidad, reflejar mejor los tiempos de viaje reales. Se agregó un viaje para acomodar a más pasajeros.",Ճշգրտվել են աշխատանքային օրերի ժամանակացույցները։ Ավելացվել են ուղևորություններ աշխատանքային օրերին:,Բարելավված հուսալիության համար ավելի լավ են արտացոլվել ճամփորդության իրական ժամանակները։ Ավելացվել է ուղևորություն՝ ավելի շատ ուղևորների սպասարկելու համար։,已調整工作日時間表。已新增工作日行程。,以提高可靠性，更有效反映實際行程時間。已新增行程以容納更多乘客。,평일 일정이 조정되었습니다. 평일 운행이 추가되었습니다.,실제 이동 시간을 더 정확히 반영하여 신뢰성을 개선합니다. 더 많은 승객을 수용하기 위해 운행이 추가되었습니다.,平日スケジュールを調整しました。平日の運行を追加しました。,信頼性を向上させるため、実際の移動時間をより適切に反映させます。より多くの利用者に対応するため、運行を追加しました。,Уточненное расписание на будние дни. Добавлены рейсы в будние дни.,"Для повышения надежности и более точного отражения фактического времени в пути. Добавлен рейс, чтобы обеспечить перевозку большего количества пассажиров.",Đã điều chỉnh lịch trình Các Ngày Trong Tuần. Đã tăng thêm chuyến đi vào các ngày trong tuần.,Để cải thiện độ tin cậy nhằm phù hợp hơn với thời gian di chuyển thực tế. Đã tăng thêm chuyến đi để phục vụ nhiều hành khách hơn.
16,016_TT_12-15-24.pdf,,Timepoints added back to schedule weekdays and eastern end of Line relocated back to 5th and 6th/Los Angeles Sts in downtown LA,Due to conclusion of trial of Headway Based Operations on this line.,Se agregaron puntos de tiempo al horario de los días laborables y el extremo este de la línea se reubicó nuevamente en las calles 5th y 6th/Los Angeles en el centro de Los Ángeles,Debido a la conclusión de la prueba de las operaciones basadas en el intervalo de tiempo en esta línea.,"Ժամանակային հատվածները կրկին ավելացվել են աշխատանքային օրերի ժամանակացույցին, և Line-ի արևելյան ծայրը տեղափոխվել է 5-րդ և 6-րդ/Los Angeles St/downtown LA-ում։",Այս գծի վրա առաջնահերթության վրա հիմնված գործողությունների փորձի ավարտի պատճառով։,工作日時刻表重新加入時間點，路線東端重新調整回downtown LA的5th和6th/Los Angeles Sts。,由於此路線的班距運行試驗已經結束。,평일 운행 일정에 운행 시간대를 다시 추가하고 노선의 동쪽 종점이 DTLA의 5번가와 6번가/Los Angeles Sts로 다시 이전되었습니다.,이 노선의 Headway Based Operations 시범 운행이 종료되었습니다.,ダイヤが平日のスケジュールに戻され、路線の東端がdowntown LAの5thおよび6th/Los Angeles Stsに再配置されました,この路線における運転間隔に基づく運用試験終了のため。,"В расписание на будние дни были возвращены метки времени, а восточное окончание линии было перемещено обратно на улицы 5th Street и 6th Street / Los Angeles Street в downtown LA",В связи с окончанием пилотного проекта обслуживания с учетом интервалов на этой линии.,Các mốc thời gian được thêm lại vào lịch trình các ngày trong tuần và đầu phía đông của Line được chuyển lại về 5th Str và 6th Str/Los Angeles Str ở downtown LA,Do kết thúc thử nghiệm Hoạt Động Dựa Trên Khoảng Cách Giữa Các Chuyến trên tuyến này.
18,,,"Adjusted Weekday, Saturday and Sunday schedules",For improved reliability better reflecting actual travel times,"Se ajustaron los horarios de los días laborables, sábados y domingos","Para mejorar la confiabilidad, reflejar mejor los tiempos de viaje reales","Ճշգրտվել են աշխատանքային օրերի, շաբաթ և կիրակի ժամանակացույցները",Բարելավված հուսալիության համար ավելի լավ են արտացոլվել ճամփորդության իրական ժամանակները,已調整工作日、週六和週日時間表,以提高可靠性，更有效反映實際行程時間,"평일, 토요일, 일요일 일정 조정",실제 이동 시간을 더 정확히 반영하여 신뢰성 개선,平日土日スケジュールの調整,信頼性を向上させるため、実際の移動時間をより適切に反映,"Уточненное расписание на субботу, воскресенье и будние дни",Для повышения надежности и более точного отражения фактического времени в пути,"Đã điều chỉnh lịch trình Các Ngày Trong Tuần, Thứ Bảy và Chủ Nhật",Để cải thiện độ tin cậy nhằm phù hợp hơn với thời gian di chuyển thực tế
20,020_TT_12-15-24.pdf,,"Adjusted Weekday, Saturday and Sunday schedules. Small number of other trips discontinued in line with overall ridership.",For improved reliability better reflecting actual travel times. Savings reallocated to other improvements.,"Se ajustaron los horarios de los días laborables, sábados y domingos. Se suspendieron unos pocos viajes entre semana en línea con la cantidad general de pasajeros.","Para mejorar la confiabilidad, reflejar mejor los tiempos de viaje reales. Ahorros reasignados a otras mejoras.","Ճշգրտվել են աշխատանքային օրերի, շաբաթ և կիրակի օրերի ժամանակացույցները։ Փոքր թվով այլ ուղևորություններ դադարեցվել են՝ ելնելով ընդհանուր շրջագայության թվից։",Բարելավված հուսալիության համար ավելի լավ են արտացոլվել ճամփորդության իրական ժամանակները։ Խնայողությունները վերաբաշխվել են այլ բարելավումների համար։,已調整工作日、週六和週日時間表。因應整體乘客量，少數其他路線取消。,以提高可靠性，更有效反映實際行程時間。節省的資金重新分配給其他改進。,"평일, 토요일, 일요일 일정이 조정되었습니다. 전체 승객 수에 맞춰 일부 다른 운행이 중단되었습니다.",실제 이동 시간을 더 정확히 반영하여 신뢰성을 개선합니다. 절감액을 다른 개선 사항에 재배치했습니다.,平日土日スケジュールを調整しました。全体的な乗客数に合わせ、その他少数の運行が廃止されました。,信頼性を向上させるため、実際の移動時間をより適切に反映させます。節約時間は他の改善に再配分されました。,"Уточненное расписание на субботу, воскресенье и будние дни. С учетом общего пассажиропотока было отменено небольшое количество других рейсов.",Для повышения надежности и более точного отражения фактического времени в пути. Сэкономленные средства были использованы на другие улучшения.,"Đã điều chỉnh lịch trình Các Ngày Trong Tuần, Thứ Bảy và Chủ Nhật. Một số ít chuyến đi khác bị hủy bỏ do lượng hành khách tổng thể.",Để cải thiện độ tin cậy nhằm phù hợp hơn với thời gian di chuyển thực tế. Khoản tiết kiệm được phân bổ lại cho các hoạt động cải tiến khác.
33,033_TT_12-15-24.pdf,,"Adjusted Weekday, Saturday and Sunday schedules. Added trip weekdays AM peak westbound with small number of other trips discontinued in line with overall ridership.",For improved reliability better reflecting actual travel times. Added trip to accomodate more riders. Savings reallocated to other improvements.,"Se ajustaron los horarios de los días laborables, sábados y domingos. Se agregaron viajes entre semana en la hora pico de la mañana en dirección oeste y se suspendieron unos pocos viajes entre semana en línea con la cantidad general de pasajeros.","Para mejorar la confiabilidad, reflejar mejor los tiempos de viaje reales. Se agregó un viaje para acomodar a más pasajeros. Ahorros reasignados a otras mejoras.","Ճշգրտվել են աշխատանքային օրերի, շաբաթ և կիրակի օրերի ժամանակացույցները։ Աշխատանքային օրերի առավոտյան պիկ ժամերի ուղևորությունները դեպի արևմուտք ավելացվել են, և մի փոքր թվով այլ ուղևորություններ չեղարկվել են՝ հաշվի առնելով ուղևորների ընդհանուր թիվը։",Բարելավված հուսալիության համար ավելի լավ են արտացոլվել ճամփորդության իրական ժամանակները։ Ավելացվել է ուղևորություն՝ ավելի շատ ուղևորներ տեղավորելու համար: Խնայողությունները վերաբաշխվել են այլ բարելավումների համար։,已調整工作日、週六和週日時間表。已新增工作日早上尖峰時段往西的班次，並根據整體乘客量調整，取消少量其他班次。,以提高可靠性，更有效反映實際行程時間。已新增行程以容納更多乘客。節省的資金重新分配給其他改進。,"평일, 토요일, 일요일 일정이 조정되었습니다. 전체 승객 수에 따라 중단된 일부 다른 운행과 함께 평일 오전 혼잡 시간대에 서쪽으로 향하는 운행이 추가되었습니다.",실제 이동 시간을 더 정확히 반영하여 신뢰성을 개선합니다. 더 많은 승객을 수용하기 위해 운행이 추가되었습니다. 절감액을 다른 개선 사항에 재배치했습니다.,平日土日スケジュールを調整しました。平日午前中のピーク時の西行き運行を追加し、全体的な乗客数に合わせてその他少数の運行が廃止されました。,信頼性を向上させるため、実際の移動時間をより適切に反映させます。より多くの利用者に対応するため、運行を追加しました。節約時間は他の改善に再配分されました。,"Уточненное расписание на субботу, воскресенье и будние дни. Были добавлены рейсы по будням в утренний час пик в западном направлении, а также с учетом общего пассажиропотока было отменено небольшое количество других рейсов.","Для повышения надежности и более точного отражения фактического времени в пути. Был добавлен рейс, чтобы обеспечить перевозку большего количества пассажиров. Сэкономленные средства были использованы на другие улучшения.","Đã điều chỉnh lịch trình Các Ngày Trong Tuần, Thứ Bảy và Chủ Nhật. Đã tăng thêm chuyến đi vào các ngày trong tuần vào giờ cao điểm buổi sáng về phía tây với một số ít chuyến đi khác bị hủy bỏ do lượng hành khách tổng thể.",Để cải thiện độ tin cậy nhằm phù hợp hơn với thời gian di chuyển thực tế. Đã tăng thêm chuyến đi để phục vụ nhiều hành khách hơn. Khoản tiết kiệm được phân bổ lại cho các hoạt động cải tiến khác.
37,037_TT_12-15-24.pdf,,Adjusted Weekday schedule,For improved reliability better reflecting actual travel times,Se ajustaron los horarios de los días laborables,"Para mejorar la confiabilidad, reflejar mejor los tiempos de viaje reales",Ճշգրտվել է աշխատանքային օրերի գրաֆիկը։,Բարելավված հուսալիության համար ավելի լավ են արտացոլվել ճամփորդության իրական ժամանակները,已調整工作日時間表,以提高可靠性，更有效反映實際行程時間,평일 일정 조정,실제 이동 시간을 더 정확히 반영하여 신뢰성 개선,平日スケジュールの調整,信頼性を向上させるため、実際の移動時間をより適切に反映,Уточненное расписание на будние дни,Для повышения надежности и более точного отражения фактического времени в пути,Đã điều chỉnh lịch trình Các Ngày Trong Tuần,Để cải thiện độ tin cậy nhằm phù hợp hơn với thời gian di chuyển thực tế
40,040_TT_12-15-24.pdf,,Discontinued small number of trips in line with ridership levels.,Savings reallocated to other improvements.,Se suspendieron unos pocos viajes en línea con los niveles de pasajeros.,Ahorros reasignados a otras mejoras.,Ուղևորափոխադրումների մակարդակին համապատասխան դադարեցվել են ուղևորությունների մի փոքր մասը։,Խնայողությունները վերաբաշխված են այլ բարելավումների համար։,根據乘客量調整，取消少量班次。,節省的資金重新分配給其他改進。,승객 수에 맞춰 일부 운행을 중단했습니다.,절감액을 다른 개선 사항에 재배치했습니다.,利用者数に合わせ、少数の運行を廃止しました。,節約時間は他の改善に再配分されました。,С учетом уровня пассажиропотока было отменено небольшое количество рейсов.,Сэкономленные средства были использованы на другие улучшения.,Đã hủy bỏ một số ít chuyến đi khác do lượng hành khách.,Khoản tiết kiệm được phân bổ lại cho các hoạt động cải tiến khác.
45,045_TT_12-15-24.pdf,,"Adjusted Weekday, Saturday and Sunday schedules",For improved reliability better reflecting actual travel times,"Se ajustaron los horarios de los días laborables, sábados y domingos","Para mejorar la confiabilidad, reflejar mejor los tiempos de viaje reales","Ճշգրտվել են աշխատանքային օրերի, շաբաթ և կիրակի օրերի ժամանակացույցները",Բարելավված հուսալիության համար ավելի լավ են արտացոլվել ճամփորդության իրական ժամանակները,已調整工作日、週六和週日時間表,以提高可靠性，更有效反映實際行程時間,"평일, 토요일, 일요일 일정 조정",실제 이동 시간을 더 정확히 반영하여 신뢰성 개선,平日土日スケジュールの調整,信頼性を向上させるため、実際の移動時間をより適切に反映,"Уточненное расписание на субботу, воскресенье и будние дни",Для повышения надежности и более точного отражения фактического времени в пути,"Đã điều chỉnh lịch trình Các Ngày Trong Tuần, Thứ Bảy và Chủ Nhật",Để cải thiện độ tin cậy nhằm phù hợp hơn với thời gian di chuyển thực tế
48,048_TT_12-15-24.pdf,,"Adjusted Weekday, Saturday and Sunday schedules",For improved reliability better reflecting actual travel times,"Se ajustaron los horarios de los días laborables, sábados y domingos","Para mejorar la confiabilidad, reflejar mejor los tiempos de viaje reales","Ճշգրտվել են աշխատանքային օրերի, շաբաթ և կիրակի օրերի ժամանակացույցները",Բարելավված հուսալիության համար ավելի լավ են արտացոլվել ճամփորդության իրական ժամանակները,已調整工作日、週六和週日時間表,以提高可靠性，更有效反映實際行程時間,"평일, 토요일, 일요일 일정 조정",실제 이동 시간을 더 정확히 반영하여 신뢰성 개선,平日土日スケジュールの調整,信頼性を向上させるため、実際の移動時間をより適切に反映,"Уточненное расписание на субботу, воскресенье и будние дни",Для повышения надежности и более точного отражения фактического времени в пути,"Đã điều chỉnh lịch trình Các Ngày Trong Tuần, Thứ Bảy và Chủ Nhật",Để cải thiện độ tin cậy nhằm phù hợp hơn với thời gian di chuyển thực tế
55,055_TT_12-15-24.pdf,,Adjusted Weekday schedule. Added trip weekdays.,For improved reliability better reflecting actual travel times. Trip added to accomodate extra passengers.,Se ajustaron los horarios de los días laborables. Se agregaron viajes entre semana.,"Para mejorar la confiabilidad, reflejar mejor los tiempos de viaje reales. Se agregó un viaje para acomodar a más pasajeros.",Ճշգրտվել է աշխատանքային օրերի գրաֆիկը։ Ավելացվել է ուղևորություն աշխատանքային օրերին։,Բարելավված հուսալիության համար ավելի լավ են արտացոլվել ճամփորդության իրական ժամանակները։ Ուղևորությունն ավելացվել է՝ լրացուցիչ ուղևորներ տեղավորելու համար։,已調整工作日時間表。已新增工作日行程。,以提高可靠性，更有效反映實際行程時間。已新增班次以容納更多乘客。,평일 일정이 조정되었습니다. 평일 운행이 추가되었습니다.,실제 이동 시간을 더 정확히 반영하여 신뢰성을 개선합니다. 더 많은 승객을 수용하기 위해 운행이 추가되었습니다.,平日スケジュールを調整しました。平日の運行を追加しました。,信頼性を向上させるため、実際の移動時間をより適切に反映させます。追加の乗客数に対応するため、運行を追加しました。,Уточненное расписание на будние дни. Добавлен рейс в будние дни.,Для повышения надежности и более точного отражения фактического времени в пути. Добавлен рейс для перевозки большего количества пассажиров.,Đã điều chỉnh lịch trình Các Ngày Trong Tuần. Đã tăng thêm chuyến đi vào các ngày trong tuần.,Để cải thiện độ tin cậy nhằm phù hợp hơn với thời gian di chuyển thực tế. Chuyến đi được tăng thêm để phục vụ thêm nhiều hành khách.
60,060_TT_12-15-24.pdf,,"Adjusted Weekday, Saturday and Sunday schedules",For improved reliability better reflecting actual travel times,"Se ajustaron los horarios de los días laborables, sábados y domingos","Para mejorar la confiabilidad, reflejar mejor los tiempos de viaje reales","Ճշգրտվել են աշխատանքային օրերի, շաբաթ և կիրակի օրերի ժամանակացույցները",Բարելավված հուսալիության համար ավելի լավ են արտացոլվել ճամփորդության իրական ժամանակները,已調整工作日、週六和週日時間表,以提高可靠性，更有效反映實際行程時間,"평일, 토요일, 일요일 일정 조정",실제 이동 시간을 더 정확히 반영하여 신뢰성 개선,平日土日スケジュールの調整,信頼性を向上させるため、実際の移動時間をより適切に反映,"Уточненное расписание на субботу, воскресенье и будние дни",Для повышения надежности и более точного отражения фактического времени в пути,"Đã điều chỉnh lịch trình Các Ngày Trong Tuần, Thứ Bảy và Chủ Nhật",Để cải thiện độ tin cậy nhằm phù hợp hơn với thời gian di chuyển thực tế
62,062_TT_12-15-24.pdf,,Added trip Saturday.,To accomodate extra passengers.,Se agregó viaje los sábados.,Para acomodar a más pasajeros.,Ավելացվել է ուղևորություն շաբաթ օրը:,Լրացուցիչ ուղևորներ տեղավորելու համար։,週六已新增班次。,以容納更多乘客。,토요일 운행이 추가되었습니다.,더 많은 승객을 수용하기 위한 조치입니다.,土曜の運行を追加しました。,追加の乗客数に対応するため。,Добавлен рейс в субботу.,Для перевозки большего количества пассажиров.,Đã tăng thêm chuyến đi vào Thứ Bảy.,Chuyến đi được tăng thểm để phục vụ thêm nhiều hành khách.
76,076_TT_12-15-24.pdf,,Adjusted Weekday and Saturday schedules,For improved reliability better reflecting actual travel times,Horarios ajustados de los días laborables y sábados,Para mejorar la confiabilidad y reflejar mejor los tiempos de viaje reales,Ճշգրտվել է ժամանակացույցը աշխատանքային և շաբաթ օրերի համար։,Բարելավված հուսալիության համար ավելի լավ են արտացոլվել ճամփորդության իրական ժամանակները,已調整工作日及週六時刻表,以提高可靠性，更有效反映實際行程時間,평일 및 토요일 일정 조정,실제 이동 시간을 더 정확히 반영하여 신뢰성 개선,平日土曜スケジュールの調整,信頼性を向上させるため、実際の移動時間をより適切に反映,Уточненное расписание на субботу и будние дни,Для повышения надежности и более точного отражения фактического времени в пути,Đã điều chỉnh lịch trình Các Ngày Trong Tuần và Thứ Bảy,Để cải thiện độ tin cậy nhằm phù hợp hơn với thời gian di chuyển thực tế
81,081_TT_12-15-24.pdf,,"Adjusted Weekday, Saturday and Sunday schedules",For improved reliability better reflecting actual travel times,"Horarios ajustados de los días laborables, sábados y domingos",Para mejorar la confiabilidad y reflejar mejor los tiempos de viaje reales,"Ճշգրտվել են աշխատանքային օրերի, շաբաթ և կիրակի օրերի ժամանակացույցները",Բարելավված հուսալիության համար ավելի լավ են արտացոլվել ճամփորդության իրական ժամանակները,已調整工作日、週六和週日時間表,以提高可靠性，更有效反映實際行程時間,"평일, 토요일, 일요일 일정 조정",실제 이동 시간을 더 정확히 반영하여 신뢰성 개선,平日土日スケジュールの調整,信頼性を向上させるため、実際の移動時間をより適切に反映,"Уточненное расписание на субботу, воскресенье и будние дни",Для повышения надежности и более точного отражения фактического времени в пути,"Đã điều chỉnh lịch trình Các Ngày Trong Tuần, Thứ Bảy và Chủ Nhật",Để cải thiện độ tin cậy nhằm phù hợp hơn với thời gian di chuyển thực tế
90,090_TT_12-15-24.pdf,,Adjusted Weekday schedule,For improved reliability better reflecting actual travel times,Horario ajustado de los días laborables,Para mejorar la confiabilidad y reflejar mejor los tiempos de viaje reales,Ճշգրտվել է աշխատանքային օրերի գրաֆիկը,Բարելավված հուսալիության համար ավելի լավ են արտացոլվել ճամփորդության իրական ժամանակները,已調整工作日時間表,以提高可靠性，更有效反映實際行程時間,평일 일정 조정,실제 이동 시간을 더 정확히 반영하여 신뢰성 개선,平日スケジュールの調整,信頼性を向上させるため、実際の移動時間をより適切に反映,Уточненное расписание на будние дни,Для повышения надежности и более точного отражения фактического времени в пути,Đã điều chỉnh lịch trình Các Ngày Trong Tuần,Để cải thiện độ tin cậy nhằm phù hợp hơn với thời gian di chuyển thực tế
96,296_TT_12-15-24.pdf,,Rerouted to terminate at Lincoln/Cypress A Line Station. The line will be renumbered 296.,"Improved access to the A Line light rail service between Azusa, Pasadena, downtown LA, and Long Beach.",Redireccionado para terminar en la estación Lincoln/Cypress de Metro A Line. La línea pasará a ser la 296.,"Mejor acceso al servicio de tren ligero de Metro A Line entre Azusa, Pasadena, el centro de Los Angeles y Long Beach.",Վերափոխված է՝ երթուղին ավարտելու համար Lincoln/Cypress A Line Station-ում։ Գիծը վերահամարակալվելու է 296-ի։,"Բարելավված մուտք դեպի A Line թեթև երկաթուղային ծառայություն Azusa, Pasadena, downtown LA և Long Beach-ի միջև։",改道，以Lincoln/Cypress Line A車站為終點站。該路線將重新編號為Line 296。,改善Azusa、Pasadena、downtown LA和Long Beach之間Line A輕軌服務的通行。,Lincoln/Cypress A Line 역에서 종료되도록 경로가 변경되었습니다. 노선 번호가 296으로 변경됩니다.,"Azusa, Pasadena, DTLA 및 Long Beach 간 A Line 경전철 서비스의 접근성이 개선되었습니다.",Lincoln/Cypress A Line Stationが終点となるよう、ルートを変更しました。この路線の番号は296に変更されます。,Azusa、Pasadena、Downtown LA、Long Beach間のA Lineライトレールサービスへのアクセスが向上されました。,Изменен маршрут для переноса конечной остановки на станцию Lincoln/Cypress Station линии Line A. Линия получит номер 296.,"Улучшен доступ к легкорельсовому транспорту линии Line A между Azusa, Pasadena, downtown LA и Long Beach.",Thay đổi lộ trình để kết thúc tại Lincoln/Cypress A Line Station. Đã đặt lại số cho tuyến này là 296.,"Đã cải thiện khả năng tiếp cận dịch vụ đường sắt hạng nhẹ A Line giữa Azusa, Pasadena, downtown LA và Long Beach."
102,102_TT_12-15-24.pdf,,"Adjusted Weekday, Saturday and Sunday schedules. Service will extend to LAX/Metro Transit Center when this station opens (date to be announced). Discontinued last round trip at night due to very low ridership.",For improved reliability better reflecting actual travel times. Savings reallocated to other improvements. For continued access to LAX and C and K rail lines.,"Horarios ajustados de los días laborables, sábados y domingos. El servicio se extenderá a LAX/Metro Transit Center cuando se abra esta estación (fecha por anunciar). Se suspendió el último viaje de ida y vuelta por la noche debido a la baja cantidad de pasajeros.",Para mejorar la confiabilidad y reflejar mejor los tiempos de viaje reales. Ahorros reasignados a otras mejoras. Para acceso continuo a LAX y líneas ferroviarias C y K.,"Ճշգրտվել են աշխատանքային օրերի, շաբաթ և կիրակի օրերի ժամանակացույցները Ծառայությունը կտարածվի դեպի LAX/Metro Transit Center, երբ այս կայարանը բացվի (ամսաթիվը կհայտարարվի)։ Գիշերային ժամերին վերջին շրջանաձև ուղևորությունը դադարեցվել է շատ ցածր ուղևորների թվի պատճառով։",Բարելավված հուսալիության համար ավելի լավ են արտացոլվել ճամփորդության իրական ժամանակները Խնայողությունները վերաբաշխված են այլ բարելավումների համար։ LAX և C և K երկաթուղային գծերի շարունակական մուտքի համար։,"已調整工作日、週六和週日時間表。洛杉磯國際機場 (Los Angeles International Airport, LAX) /Metro Transit Center車站啟用時，服務將延伸至該站（日期待公告）。由於乘客人數過少，夜間的最後一班車已停止運行。",以提高可靠性，更有效反映實際行程時間。節省的資金重新分配給其他改進。以繼續通往LAX以及C和K軌道路線。,"평일, 토요일, 일요일 일정이 조정되었습니다. 이 역이 개통되면 LAX/Metro Transit Center까지 서비스가 확장됩니다(날짜는 추후 발표). 승객 수가 매우 적어 야간의 마지막 왕복 운행이 중단되었습니다.","실제 이동 시간을 더 정확히 반영하여 신뢰성을 개선합니다. 절감액을 다른 개선 사항에 재배치했습니다. LAX, C Line, K Line은 계속 이용하실 수 있습니다.",平日土日スケジュールを調整しました。この駅がオープンすると、サービスはLAX/Metro Transit Centerまで延長されます (日付未定)。乗客数が非常に少ないため、夜間の最終往復は廃止されました。,信頼性を向上させるため、実際の移動時間をより適切に反映させます。節約時間は他の改善に再配分されました。LAX、C路線、K路線への継続的なアクセスのため。,"Уточненное расписание на субботу, воскресенье и будние дни. Движение будет продлено до LAX/Metro Transit Center после его открытия (дата будет объявлена дополнительно). С учетом низкого пассажиропотока был отменен последний вечерний рейс туда и обратно.",Для повышения надежности и более точного отражения фактического времени в пути. Сэкономленные средства были использованы на другие улучшения. Для постоянного доступа к LAX и железнодорожным линиям C и K.,"Đã điều chỉnh lịch trình Các Ngày Trong Tuần, Thứ Bảy và Chủ Nhật. Dịch vụ sẽ mở rộng đến LAX/Metro Transit Center khi nhà ga này mở cửa (ngày mở cửa sẽ được thông báo sau). Chuyến đi khứ hồi cuối cùng vào ban đêm bị ngừng hoạt động do lượng hành khách rất thấp.",Để cải thiện độ tin cậy nhằm phù hợp hơn với thời gian di chuyển thực tế. Khoản tiết kiệm được phân bổ lại cho các hoạt động cải tiến khác. Để tiếp tục sử dụng tuyến đường sắt LAX và C và K.
105,105_TT_12-15-24.pdf,,Adjusted Weekday schedule. Added trip weekdays.,For improved reliability better reflecting actual travel times. Added trip to accomodate more riders.,Horario ajustado de los días laborables. Se agregó un viaje entre semana.,Para mejorar la confiabilidad y reflejar mejor los tiempos de viaje reales. Viaje agregado para acomodar a más pasajeros.,Ճշգրտվել է աշխատանքային օրերի գրաֆիկը։ Ավելացվել է ուղևորություն աշխատանքային օրերին։,Բարելավված հուսալիության համար ավելի լավ են արտացոլվել ճամփորդության իրական ժամանակները Ավելացվել է ուղևորություն՝ ավելի շատ ուղևորներ տեղավորելու համար։,已調整工作日時間表。已新增工作日行程。,以提高可靠性，更有效反映實際行程時間。已新增行程以容納更多乘客。,평일 일정이 조정되었습니다. 평일 운행이 추가되었습니다.,실제 이동 시간을 더 정확히 반영하여 신뢰성을 개선합니다. 더 많은 승객을 수용하기 위해 운행이 추가되었습니다.,平日スケジュールを調整しました。平日の運行を追加しました。,信頼性を向上させるため、実際の移動時間をより適切に反映させます。より多くの利用者に対応するため、運行を追加しました。,Уточненное расписание на будние дни. Добавлен рейс в будние дни.,"Для повышения надежности и более точного отражения фактического времени в пути. Добавлен рейс, чтобы обеспечить перевозку большего количества пассажиров.",Đã điều chỉnh lịch trình Các Ngày Trong Tuần. Đã tăng thêm chuyến đi vào các ngày trong tuần.,Để cải thiện độ tin cậy nhằm phù hợp hơn với thời gian di chuyển thực tế. Đã tăng thêm chuyến đi để phục vụ nhiều hành khách hơn.
106,106_TT_12-15-24.pdf,,Discontinued first AM trip northbound due to low ridership.,Savings reallocated to other improvements.,Se suspendió el primer viaje de la mañana en dirección norte debido a la baja cantidad de pasajeros.,Ahorros reasignados a otras mejoras.,Դադարեցվել է առաջին AM ուղևորությունը դեպի հյուսիս՝ ուղևորների ցածր թվի պատճառով։,Խնայողությունները վերաբաշխված են այլ բարելավումների համար։,因為搭乘人數過少，取消首班北行早班車。,節省的資金重新分配給其他改進。,승객 수가 적어 북쪽으로 향하는 첫 번째 오전 운행이 중단되었습니다.,절감액을 다른 개선 사항에 재배치했습니다.,乗客数が少ないため、午前中の北行き始発は廃止されました。,節約時間は他の改善に再配分されました。,С учетом низкого пассажиропотока был отменен первый утренний рейс в северном направлении.,Сэкономленные средства были использованы на другие улучшения.,Đã hủy bỏ chuyến đi đầu tiên vào buổi sáng về phía Bắc do lượng hành khách thấp.,Khoản tiết kiệm được phân bổ lại cho các hoạt động cải tiến khác.
108,108_TT_12-15-24.pdf,,"Adjusted Weekday, Saturday and Sunday schedules. Added trip weekdays.",For improved reliability better reflecting actual travel times. Added trip to accomodate more riders.,"Horarios ajustados de los días laborables, sábados y domingos. Se agregó un viaje entre semana. ",Para mejorar la confiabilidad y reflejar mejor los tiempos de viaje reales. Viaje agregado para acomodar a más pasajeros.,"Ճշգրտվել են աշխատանքային օրերի, շաբաթ և կիրակի օրերի ժամանակացույցները Ավելացվել է ուղևորություն աշխատանքային օրերին։",Բարելավված հուսալիության համար ավելի լավ են արտացոլվել ճամփորդության իրական ժամանակները Ավելացվել է ուղևորություն՝ ավելի շատ ուղևորներ տեղավորելու համար։,已調整工作日、週六和週日時間表。已新增工作日行程。,以提高可靠性，更有效反映實際行程時間。已新增行程以容納更多乘客。,"평일, 토요일, 일요일 일정이 조정되었습니다. 평일 운행이 추가되었습니다.",실제 이동 시간을 더 정확히 반영하여 신뢰성을 개선합니다. 더 많은 승객을 수용하기 위해 운행이 추가되었습니다.,平日土日スケジュールを調整しました。平日の運行を追加しました。,信頼性を向上させるため、実際の移動時間をより適切に反映させます。より多くの利用者に対応するため、運行を追加しました。,"Уточненное расписание на субботу, воскресенье и будние дни. Добавлен рейс в будние дни.","Для повышения надежности и более точного отражения фактического времени в пути. Добавлен рейс, чтобы обеспечить перевозку большего количества пассажиров.","Đã điều chỉnh lịch trình Các Ngày Trong Tuần, Thứ Bảy và Chủ Nhật. Đã tăng thêm chuyến đi vào các ngày trong tuần.",Để cải thiện độ tin cậy nhằm phù hợp hơn với thời gian di chuyển thực tế. Đã tăng thêm chuyến vào các ngày trong tuần để phục vụ nhiều hành khách hơn.
110,110_TT_12-15-24.pdf,,"Adjusted Weekday, Saturday and Sunday schedules",For improved reliability better reflecting actual travel times,"Horarios ajustados de los días laborables, sábados y domingos",Para mejorar la confiabilidad y reflejar mejor los tiempos de viaje reales,"Ճշգրտվել են աշխատանքային օրերի, շաբաթ և կիրակի օրերի ժամանակացույցները",Բարելավված հուսալիության համար ավելի լավ են արտացոլվել ճամփորդության իրական ժամանակները,已調整工作日、週六和週日時間表,以提高可靠性，更有效反映實際行程時間,"평일, 토요일, 일요일 일정 조정",실제 이동 시간을 더 정확히 반영하여 신뢰성 개선,平日土日スケジュールの調整,信頼性を向上させるため、実際の移動時間をより適切に反映,"Уточненное расписание на субботу, воскресенье и будние дни",Для повышения надежности и более точного отражения фактического времени в пути,"Đã điều chỉnh lịch trình Các Ngày Trong Tuần, Thứ Bảy và Chủ Nhật",Để cải thiện độ tin cậy nhằm phù hợp hơn với thời gian di chuyển thực tế
111,111_TT_12-15-24.pdf,,Service will end at new LAX/Metro Transit Center when that station opens (date to be announced).,For continued access to LAX and C and K rail lines.,El servicio finalizará en el nuevo LAX/Metro Transit Center cuando se abra esa estación (fecha por anunciar).,Para acceso continuo a LAX y líneas ferroviarias C y K.,"Ծառայությունը կավարտվի նոր LAX/Metro Transit Center-ում, երբ այդ կայարանը բացվի (ամսաթիվը կհայտարարվի)։",LAX և C և K երկաթուղային գծերի շարունակական մուտքի համար:,當新LAX/Metro Transit Center車站啟用時（日期待公告），服務將在該站結束。,以繼續通往LAX以及C和K軌道路線。,새로운 LAX/Metro Transit Center가 개통되면 서비스가 종료됩니다(날짜는 추후 발표).,"LAX, C Line, K Line은 계속 이용하실 수 있습니다.",駅がオープンすると、サービス範囲は新しいLAX/Metro Transit Centerまでになります (日付未定)。,LAX、C路線、K路線への継続的なアクセスのため。,Движение будет продлено до LAX/Metro Transit Center после его открытия (дата будет объявлена дополнительно).,Для постоянного доступа к LAX и железнодорожным линиям C и K.,Dịch vụ sẽ kết thúc tại LAX/Metro Transit Center mới khi nhà ga đó mở cửa (ngày mở cửa sẽ được thông báo sau).,Để tiếp tục sử dụng tuyến đường sắt LAX và C và K.
117,117_TT_12-15-24.pdf,,This Line will relocate the western terminus from LAX City Bus Center to LAX/Metro Transit Center when this station opens (date to be announced) with a new routing via Airport Bl.,For improved access to the LAX area and new C and K rail lines.,Esta línea reubicará la terminal occidental del LAX City Bus Center al LAX/Metro Transit Center cuando se abra esta estación (fecha por anunciar) con una nueva ruta a través de Airport Bl.,Para mejor acceso al área de LAX y nuevas líneas ferroviarias C y K.,"Այս գիծը կտեղափոխի արևմտյան վերջնակետը LAX City Bus Center-ից դեպի LAX/Metro Transit Center, երբ այս կայարանը բացվի (ամսաթիվը կհայտարարվի) նոր երթուղիով, որն անցնում է Airport Bl-ով:",LAX տարածք և նոր C և K երկաթուղային գծերի բարելավված մուտքի համար։,此路線將在LAX/Metro Transit Center車站開放時（日期待公告），將西端終點從LAX City Bus Center遷移至LAX/Metro Transit Center，並經由Airport Bl進行新路線行駛。,改善前往LAX地區以及新C和K軌道路線的交通。,이 노선은 LAX/Metro Transit Center가 개통되는 시점(날짜는 추후 발표)에 기존 서쪽 종점을 LAX City Bus Center에서 LAX/Metro Transit Center로 변경하고 Airport Bl를 경유하는 새로운 노선으로 운행하게 됩니다.,LAX 지역과 새로운 C Line 및 K Line의 접근성이 개선되었습니다.,この駅のオープンに合わせ (日付未定)、この路線は西ターミナル駅をLAX City Bus CenterからLAX/Metro Transit Centerに移転し、Airport Blを経由する新しいルートになります。,LAXエリアと新しいC路線、K路線へのアクセスを向上させるため。,На этой линии конечная станция в западном направлении будет перемещена из городского автобусного центра LAX в LAX/Metro Transit Centerпосле его открытия (дата будет объявлена дополнительно) с новым маршрутом через Airport Bl.,Для улучшения доступа к району LAX и новым железнодорожным линиям C и K.,Line này sẽ di dời điểm cuối phía tây từ LAX City Bus Center đến LAX/Metro Transit Center khi nhà ga này mở cửa (ngày mở cửa sẽ được thông báo sau) với lộ trình mới qua Sân bay Bl.,Để cải thiện khả năng tiếp cận khu vực LAX và tuyến đường sắt C và K mới.
120,120 TT_12-15-24.pdf,,"Service will be extended from Aviation/LAX Station to LAX City Bus Center (and will move to new LAX/Metro Transit Center when that opens, date to be announced). Adjusted Weekday, Saturday, Sunday schedules.",For improved access to the LAX area and new C and K rail lines. Improved reliability better reflecting actual travel times,"El servicio se extenderá desde la estación Aviation/LAX hasta el centro de autobuses LAX City Bus Center (y se trasladará al nuevo LAX/Metro Transit Center cuando se inaugure, fecha a anunciarse). Horarios ajustados de los días laborables, sábados y domingos.",Para mejor acceso al área de LAX y nuevas líneas ferroviarias C y K. Mayor confiabilidad que refleje mejor los tiempos de viaje reales,"Ծառայությունը կերկարաձգվի Aviation/LAX կայարանից մինչև LAX City Bus Center (և կտեղափոխվի նոր LAX/Metro Transit Center, երբ այն բացվի, ամսաթիվը կհայտարարվի)։ Ճշգրտվել են աշխատանքային օրերի, շաբաթ և կիրակի օրերի ժամանակացույցները։",LAX տարածք և նոր C և K երկաթուղային գծերի բարելավված մուտքի համար։ Բարելավված հուսալիություն՝ ավելի լավ արտացոլելու ճամփորդության իրական ժամանակները,服務將從Aviation/LAX Station延伸至LAX City Bus Center（並將在新LAX/Metro Transit Center啟用時移至該處，啟用日期將另行公告）。已調整工作日、週六、週日時間表。,改善前往LAX地區以及新C和K軌道路線的交通。提高可靠性，更能反映實際行程時間,"Aviation/LAX Station에서 LAX City Bus Center까지 서비스를 확장합니다(새로운 LAX/Metro Transit Center로 개통 시 이전 예정, 날짜는 추후 공지). 평일, 토요일, 일요일 일정이 조정되었습니다.",LAX 지역과 새로운 C Line 및 K Line의 접근성이 개선되었습니다. 실제 이동 시간을 더 정확히 반영하여 신뢰성 개선,サービスはAviation/LAX StationからLAX City Bus Centerまで延長されます (新しいLAX/Metro Transit Centerがオープンされ次第、日付は発表されます)。平日土日スケジュールを調整しました。,LAXエリアと新しいC路線、K路線へのアクセスを向上させるため。実際の移動時間をより適切に反映し、信頼性を向上させました,"Движение будет продлено от станции Aviation/LAX до городского автобусного центра LAX (и переместится в новый LAX/Metro Transit Center, когда он откроется, дата будет объявлена). Уточненное расписание на субботу, воскресенье и будние дни.",Для улучшения доступа к району LAX и новым железнодорожным линиям C и K. Повышение надежности и более точное отражение фактического времени в пути,"Dịch vụ sẽ được mở rộng từ Aviation/LAX Station đến LAX City Bus Center (và sẽ chuyển sang LAX/Metro Transit Center khi trung tâm này mở cửa, ngày mở cửa sẽ được thông báo sau). Đã điều chỉnh lịch trình Các Ngày Trong Tuần, Thứ Bảy, Chủ Nhật",Để cải thiện khả năng tiếp cận khu vực LAX và tuyến đường sắt C và K mới. Đã cải thiện độ tin cậy nhằm phù hợp hơn với thời gian di chuyển thực tế
125,125_ TT_12-15-24.pdf,,"Adjusted Weekday, Saturday and Sunday schedules",For improved reliability better reflecting actual travel times,"Horario ajustado de los días laborables, sábados y domingos",Para una mayor confiabilidad que refleje mejor los tiempos de viaje reales,"Ճշգրտվել են շաբաթվա, շաբաթ և կիրակի օրերի գրաֆիկները",Բարելավված հուսալիության համար ավելի լավ են արտացոլվել ճամփորդության իրական ժամանակները,已調整工作日、週六和週日時間表,以提高可靠性，更有效反映實際行程時間,"평일, 토요일, 일요일 일정 조정",실제 이동 시간을 더 정확히 반영하여 신뢰성 개선,平日土日スケジュールの調整,信頼性を向上させるため、実際の移動時間をより適切に反映,"Уточненное расписание на субботу, воскресенье и будние дни",Для повышения надежности и более точного отражения фактического времени в пути,"Đã điều chỉnh lịch trình Các Ngày Trong Tuần, Thứ Bảy và Chủ Nhật",Để cải thiện độ tin cậy nhằm phù hợp hơn với thời gian di chuyển thực tế
128,128_TT_12-15-24.pdf,,Adjusted Weekday schedule,For improved reliability better reflecting actual travel times,Horario ajustado de los días laborables,Para una mayor confiabilidad que refleje mejor los tiempos de viaje reales,Ճշգրտվել է աշխատանքային օրերի գրաֆիկը։,Բարելավված հուսալիության համար ավելի լավ են արտացոլվել ճամփորդության իրական ժամանակները,已調整工作日時間表,以提高可靠性，更有效反映實際行程時間,평일 일정 조정,실제 이동 시간을 더 정확히 반영하여 신뢰성 개선,平日スケジュールの調整,信頼性を向上させるため、実際の移動時間をより適切に反映,Уточненное расписание на будние дни,Для повышения надежности и более точного отражения фактического времени в пути,Đã điều chỉnh lịch trình Các Ngày Trong Tuần,Để cải thiện độ tin cậy nhằm phù hợp hơn với thời gian di chuyển thực tế
134,134_TT_12-15-24.pdf,,Adjusted Saturday and Sunday schedules,For improved reliability better reflecting actual travel times,Horario ajustado de los sábados y domingos,Para una mayor confiabilidad que refleje mejor los tiempos de viaje reales,Ճշգրտվել են շաբաթ և կիրակի օրերի ժամանակացույցները։,Բարելավված հուսալիության համար ավելի լավ են արտացոլվել ճամփորդության իրական ժամանակները,週六、週日班次有所調整,以提高可靠性，更有效反映實際行程時間,"토요일, 일요일 일정 조정",실제 이동 시간을 더 정확히 반영하여 신뢰성 개선,土日スケジュールの調整,信頼性を向上させるため、実際の移動時間をより適切に反映,Уточненное расписание на субботу и воскресенье,Для повышения надежности и более точного отражения фактического времени в пути,Điều chỉnh lịch trình Thứ Bảy và Chủ Nhật.,Để cải thiện độ tin cậy nhằm phù hợp hơn với thời gian di chuyển thực tế
150,150_TT_12-15-24.pdf,,Adjusted Weekday schedule. Added trip weekdays in busiest period and adjusted overall service in line with ridership.,For improved reliability better reflecting actual travel times. Added trip to accomodate more riders and reallocated savings to other improvements.,Horario ajustado de los días laborables. Se agregaron viajes los días laborables en el período de mayor actividad y se ajustó el servicio general en línea con la cantidad de pasajeros.,Para una mayor confiabilidad que refleje mejor los tiempos de viaje reales. Se agregó un viaje para acomodar a más pasajeros y se reasignaron los ahorros a otras mejoras.,"Ճշգրտվել է աշխատանքային օրերի գրաֆիկը։ Ավելացվել են ուղևորություններ աշխատանքային օրերի ամենածանրաբեռնված ժամանակաշրջանում, և ճշգրտվել է ընդհանուր սպասարկումը՝ ուղևորների քանակին համապատասխան։","Բարելավված հուսալիության համար ավելի լավ են արտացոլվել ճամփորդության իրական ժամանակները Ավելացվել է ուղևորություն՝ ավելի շատ ուղևորների տեղավորելու համար, և խնայողությունները վերաբաշխվել են այլ բարելավումների համար։",已調整工作日時間表。工作日時段增加班次以應對高峰期，並根據乘客量調整整體服務。,以提高可靠性，更有效反映實際行程時間。新增班次以容納更多乘客，並將節省的資源重新分配至其他改善項目。,평일 일정이 조정되었습니다. 가장 혼잡한 기간에 평일 운행을 추가하고 승객 수에 맞춰 전체 서비스를 조정했습니다.,실제 이동 시간을 더 정확히 반영하여 신뢰성을 개선합니다. 더 많은 승객을 수용하기 위해 운행을 추가하고 비용 절감액을 다른 개선 사항에 재배치했습니다.,平日スケジュールを調整しました。最も混雑する時間帯に平日の運行を追加し、乗客数に合わせて全体的なサービスを調整しました。,信頼性を向上させるため、実際の移動時間をより適切に反映させます。より多くの乗客数に対応するため運行を追加し、節約時間をその他の改善に再配分しました。,Уточненное расписание на будние дни. Добавлены рейсы по будням в наиболее загруженный период и отрегулировано обслуживание с учетом пассажиропотока.,"Для повышения надежности и более точного отражения фактического времени в пути. Добавлен рейс для перевозки большего количества пассажиров, сэкономленные средства будут направлены на другие улучшения.",Đã điều chỉnh lịch trình Các Ngày Trong Tuần. Đã tăng thêm chuyến đi vào các ngày trong tuần trong thời gian đông khách nhất và điều chỉnh dịch vụ tổng thể phù hợp với lượng hành khách.,Để cải thiện độ tin cậy nhằm phù hợp hơn với thời gian di chuyển thực tế. Đã tăng thêm chuyến đi để phục vụ nhiều hành khách hơn và phân bổ lại khoản tiết kiệm cho các hoạt động cải tiến khác.
152,,,New weekday peak period bus lanes on Roscoe Bl.,For improved reliability and reduced travel times,Nuevos carriles para autobuses en los días laborables en el período pico en Roscoe Bl.,Para una mayor confiabilidad y tiempos de viaje reducidos,Աշխատանքային օրերի պիկ ժամանակաշրջանի ավտոբուսների նոր ուղիներ Roscoe Blvd-ում։,Բարելավված հուսալիության և ուղևորության ժամանակի կրճատման համար,Roscoe Bl新增工作日尖峰時段公車專用道。,以提升可靠性並縮短行程時間,Roscoe Bl에 새로운 평일 혼잡 시간대 버스 노선이 생겼습니다.,신뢰성 개선 및 이동 시간 단축을 위한 조치,Roscoe Blに平日ピーク時間帯のバス専用車線を新設しました。,信頼性の向上と移動時間の短縮のため,Новые полосы для автобусов на Roscoe Bl в пиковые часы по будним дням.,Для повышения надежности и сокращения времени в пути,Làn đường xe buýt mới vào giờ cao điểm trong tuần trên Roscoe Bl.,Để cải thiện độ tin cậy và giảm thời gian di chuyển
161,161_TT_12-15-24.pdf,,"Adjusted Weekday, Saturday and Sunday schedules",For improved reliability better reflecting actual travel times,"Horario ajustado de los días laborables, sábados y domingos",Para una mayor confiabilidad que refleje mejor los tiempos de viaje reales,"Ճշգրտվել են աշխատանքային օրերի, շաբաթ և կիրակի օրերի ժամանակացույցները",Բարելավված հուսալիության համար ավելի լավ են արտացոլվել ճամփորդության իրական ժամանակները,已調整工作日、週六和週日時間表,以提高可靠性，更有效反映實際行程時間,"평일, 토요일, 일요일 일정 조정",실제 이동 시간을 더 정확히 반영하여 신뢰성 개선,平日土日スケジュールの調整,信頼性を向上させるため、実際の移動時間をより適切に反映,"Уточненное расписание на субботу, воскресенье и будние дни",Для повышения надежности и более точного отражения фактического времени в пути,"Đã điều chỉnh lịch trình Các Ngày Trong Tuần, Thứ Bảy và Chủ Nhật",Để cải thiện độ tin cậy nhằm phù hợp hơn với thời gian di chuyển thực tế
164,164_TT_12-15-24.pdf,,Adjusted trips weekdays in line with ridership including trip added during busiest period.,To accomodate extra passengers and reallocate savings to other improvements.,"Viajes ajustados los días laborables en línea con la cantidad de pasajeros, incluido el viaje agregado durante el período de mayor actividad.",Para acomodar pasajeros adicionales y reasignar los ahorros a otras mejoras.,Աշխատանքային օրերին ուղևորությունների թիվը ճշգրտվել է ուղևորահոսքին համապատասխան՝ ներառյալ ամենածանրաբեռնված ժամանակահատվածում ավելացված ուղևորությունները:,Լրացուցիչ ուղևորներ տեղավորելու և խնայողությունները այլ բարելավումների համար հատկացնելու համար:,根據客流量調整工作日的行程，包括在最繁忙時段新增的行程。,以容納更多乘客，並將節省的資金重新分配用於其他改進。,가장 혼잡한 기간 동안 추가된 운행을 포함하여 승객 수에 맞춰 평일 운행이 조정되었습니다.,더 많은 승객을 수용하고 절감액을 다른 개선 사항에 재배치하기 위한 조치입니다.,最も混雑する時間帯に追加される運行を含め、乗客数に応じて平日の運行を調整しました。,追加の乗客数に対応し、節約時間をその他の改善に再配分するため。,"Отрегулированы рейсы по будням с учетом пассажиропотока, включая дополнительные рейсы в наиболее загруженный период.","Для перевозки большего количества пассажиров, сэкономленные средства будут направлены на другие улучшения.","Đã điều chỉnh các chuyến đi vào các ngày trong tuần theo lượng hành khách, bao gồm cả chuyến đi được thêm vào trong thời gian đông khách nhất.",Để có thể phục vụ thêm hành khách và phân bổ khoản tiết kiệm cho các hoạt động cải tiến khác.
165,165_TT_12-15-24.pdf,,"Adjusted Weekday, Saturday and Sunday schedules. Adjusted trips weekdays in line with ridership including trip added during busiest period.",For improved reliability better reflecting actual travel times. To accomodate extra passengers and reallocate savings to other improvements.,"Horario ajustado de los días laborables, sábados y domingos. Viajes ajustados los días laborables en línea con la cantidad de pasajeros, incluido el viaje agregado durante el período de mayor actividad.",Para una mayor confiabilidad que refleje mejor los tiempos de viaje reales. Para acomodar pasajeros adicionales y reasignar los ahorros a otras mejoras.,"Ճշգրտվել են աշխատանքային օրերի, շաբաթ և կիրակի օրերի ժամանակացույցները Աշխատանքային օրերին ուղևորությունների թիվը ճշգրտվել է ուղևորահոսքին համապատասխան՝ ներառյալ ամենածանրաբեռնված ժամանակահատվածում ավելացված ուղևորությունները:",Բարելավված հուսալիության համար ավելի լավ են արտացոլվել ճամփորդության իրական ժամանակները։ Լրացուցիչ ուղևորներ տեղավորելու և խնայողությունները այլ բարելավումների համար հատկացնելու համար:,已調整工作日、週六和週日時間表。根據客流量調整工作日的行程，包括在最繁忙時段新增的行程。,以提高可靠性，更有效反映實際行程時間。以容納更多乘客，並將節省的資金重新分配用於其他改進。,"평일, 토요일, 일요일 일정이 조정되었습니다. 가장 혼잡한 기간 동안 추가된 운행을 포함하여 승객 수에 맞춰 평일 운행이 조정되었습니다.",실제 이동 시간을 더 정확히 반영하여 신뢰성을 개선합니다. 더 많은 승객을 수용하고 절감액을 다른 개선 사항에 재배치하기 위한 조치입니다.,平日土日スケジュールを調整しました。最も混雑する時間帯に追加される運行を含め、乗客数に応じて平日の運行を調整しました。,信頼性を向上させるため、実際の移動時間をより適切に反映させます。追加の乗客数に対応し、節約時間をその他の改善に再配分するため。,"Уточненное расписание на субботу, воскресенье и будние дни. Отрегулированы рейсы по будням с учетом пассажиропотока, включая дополнительные рейсы в наиболее загруженный период.","Для повышения надежности и более точного отражения фактического времени в пути. Для перевозки большего количества пассажиров, сэкономленные средства будут направлены на другие улучшения.","Đã điều chỉnh lịch trình Các Ngày Trong Tuần, Thứ Bảy và Chủ Nhật. Đã điều chỉnh các chuyến đi vào các ngày trong tuần theo lượng hành khách, bao gồm cả chuyến đi được thêm vào trong thời gian đông khách nhất.",Để cải thiện độ tin cậy nhằm phù hợp hơn với thời gian di chuyển thực tế. Để có thể phục vụ thêm hành khách và phân bổ khoản tiết kiệm cho các hoạt động cải tiến khác.
166,166_TT_12-15-24.pdf,,"Adjusted Weekday, Saturday and Sunday schedules",For improved reliability better reflecting actual travel times,"Horarios ajustados de los días laborables, sábados y domingos",Para una mayor confiabilidad que refleje mejor los tiempos de viaje reales,"Ճշգրտվել են աշխատանքային օրերի, շաբաթ և կիրակի օրերի ժամանակացույցները",Բարելավված հուսալիության համար ավելի լավ են արտացոլվել ճամփորդության իրական ժամանակները,已調整工作日、週六和週日時間表,以提高可靠性，更有效反映實際行程時間,"평일, 토요일, 일요일 일정 조정",실제 이동 시간을 더 정확히 반영하여 신뢰성 개선,平日土日スケジュールの調整,信頼性を向上させるため、実際の移動時間をより適切に反映,"Уточненное расписание на субботу, воскресенье и будние дни",Для повышения надежности и более точного отражения фактического времени в пути,"Đã điều chỉnh lịch trình Các Ngày Trong Tuần, Thứ Bảy và Chủ Nhật",Để cải thiện độ tin cậy nhằm phù hợp hơn với thời gian di chuyển thực tế
167,167_TT_12-15-24.pdf,,"Adjusted Weekday, Saturday and Sunday schedules",For improved reliability better reflecting actual travel times,"Horarios ajustados de los días laborables, sábados y domingos",Para una mayor confiabilidad que refleje mejor los tiempos de viaje reales,"Ճշգրտվել են շաբաթվա, շաբաթ և կիրակի օրերի գրաֆիկները",Բարելավված հուսալիության համար՝ ավելի լավ արտացոլելով ճամփորդության իրական ժամանակները,已調整工作日、週六和週日時間表,以提高可靠性，更有效反映實際行程時間,"평일, 토요일, 일요일 일정 조정",실제 이동 시간을 더 정확히 반영하여 신뢰성 개선,平日土日スケジュールの調整,信頼性を向上させるため、実際の移動時間をより適切に反映,"Уточненное расписание на субботу, воскресенье и будние дни",Для повышения надежности и более точного отражения фактического времени в пути,"Đã điều chỉnh lịch trình Các Ngày Trong Tuần, Thứ Bảy và Chủ Nhật",Để cải thiện độ tin cậy nhằm phù hợp hơn với thời gian di chuyển thực tế
169,169_TT_12-15-24.pdf,,Adjusted Weekday schedule,For improved reliability better reflecting actual travel times,Horario ajustado de los días laborables,Para una mayor confiabilidad que refleje mejor los tiempos de viaje reales,Ճշգրտվել է աշխատանքային օրերի գրաֆիկը։,Բարելավված հուսալիության համար՝ ավելի լավ արտացոլելով ճամփորդության իրական ժամանակները,已調整工作日時間表,以提高可靠性，更有效反映實際行程時間,평일 일정 조정,실제 이동 시간을 더 정확히 반영하여 신뢰성 개선,平日スケジュールの調整,信頼性を向上させるため、実際の移動時間をより適切に反映,Уточненное расписание на будние дни,Для повышения надежности и более точного отражения фактического времени в пути,Đã điều chỉnh lịch trình Các Ngày Trong Tuần,Để cải thiện độ tin cậy nhằm phù hợp hơn với thời gian di chuyển thực tế
177,,,"Metro Line 177 (Pasadena – Jet Propulsion Lab) weekday peak hour service will become Pasadena Transit Line 53. Existing alignment, schedule & stops will continue.",Integrated into the local Pasadena Transit network.,"El servicio de la línea 177 de Metro (Pasadena – Jet Propulsion Lab) en horas pico de los días laborables se convertirá en la línea 53 de Pasadena Transit. La alineación, el horario y las paradas existentes continuarán.",Integrado en la red local de tránsito de Pasadena.,"Metro Line 177 (Pasadena – Jet Propulsion Lab) աշխատանքային օրվա պիկ ժամի սպասարկումը կդառնա Pasadena Transit Line 53։ Գոյություն ունեցող վայրը, ժամանակացույցը և կանգառները կշարունակեն գործել:",Ինտեգրված է տեղական Pasadena-ի տարանցիկ ցանցին։,工作日尖峰時段的Metro Line 177 (Pasadena – Jet Propulsion Lab) 將改為Pasadena Transit Line 53。現有路線、時刻表和停靠站將繼續運行。,整合進入當地的Pasadena Transit網路。,"Metro Line 177(Pasadena – Jet Propulsion Lab) 평일 혼잡 시간대 서비스는 Pasadena Transit Line 53으로 변경됩니다. 기존 운행 경로, 일정 및 정류장은 그대로 유지됩니다.",지역 Pasadena Transit 네트워크에 통합되었습니다.,Metro Line 177 (Pasadena – Jet Propulsion Lab) の平日ピーク時間帯のサービスは、Pasadena Transit Line 53になります。既存の調整、スケジュール、停車駅は継続されます。,現地のPasadena Transitネットワークに統合されました。,"Линия Metro Line 177 (Pasadena — Jet Propulsion Lab) в часы пик по будням будет функционировать как линия Pasadena Transit Line 53. Существующее расположение, расписание и остановки останутся без изменений.",Интегрировано в местную сеть Pasadena Transit.,"Metro Line 177 (Pasadena – Jet Propulsion Lab) vào giờ cao điểm trong tuần sẽ trở thành Pasadena Transit Line 53. Vẫn giữ nguyên lộ trình, lịch trình và các điểm dừng hiện tại.",Được tích hợp vào mạng lưới Pasadena Transit địa phương.
180,180_TT_12-15-24.pdf,,"Adjusted Weekday, Saturday and Sunday schedules. Slight reduction in weekday trips in line with ridership.",For improved reliability better reflecting actual travel times. Savings reallocated to other improvements.,"Horarios ajustados de los días laborables, sábados y domingos. Ligera reducción en los viajes de los días laborables en línea con la cantidad de pasajeros.",Para una mayor confiabilidad que refleje mejor los tiempos de viaje reales. Los ahorros se reasignaron a otras mejoras.,"Ճշգրտվել են աշխատանքային օրերի, շաբաթ և կիրակի օրերի ժամանակացույցները։ Աշխատանքային օրերին ուղևորությունների թվի աննշան նվազում՝ ուղևորահոսքին համապատասխան։",Բարելավված հուսալիության համար ավելի լավ են արտացոլվել ճամփորդության իրական ժամանակները։ Խնայողությունները վերաբաշխված են այլ բարելավումների համար:,已調整工作日、週六和週日時間表。根據客流量，工作日行程略有減少。,以提高可靠性，更有效反映實際行程時間。節省的資金重新分配給其他改進。,"평일, 토요일, 일요일 일정이 조정되었습니다. 승객 수에 맞춰 평일 운행을 소폭 줄입니다.",실제 이동 시간을 더 정확히 반영하여 신뢰성을 개선합니다. 절감액을 다른 개선 사항에 재배치했습니다.,平日土日スケジュールを調整しました。乗客数に応じ、平日の運行を少し減らしました。,信頼性を向上させるため、実際の移動時間をより適切に反映させます。節約時間は他の改善に再配分されました。,"Уточненное расписание на субботу, воскресенье и будние дни. Незначительное сокращение рейсов в будние дни с учетом пассажиропотока.",Для повышения надежности и более точного отражения фактического времени в пути. Сэкономленные средства были использованы на другие улучшения.,"Đã điều chỉnh lịch trình Các Ngày Trong Tuần, Thứ Bảy và Chủ Nhật. Giảm nhẹ số chuyến đi vào các ngày trong tuần tùy theo lượng hành khách.",Để cải thiện độ tin cậy nhằm phù hợp hơn với thời gian di chuyển thực tế. Khoản tiết kiệm được phân bổ lại cho các hoạt động cải tiến khác.
182,182_TT_12-15-24.pdf,,Adjusted Weekday schedule,For improved reliability better reflecting actual travel times,Horario ajustado de los días laborables,"Para mejorar la confiabilidad, reflejar mejor los tiempos de viaje reales",Ճշգրտվել է աշխատանքային օրերի գրաֆիկը,Բարելավված հուսալիության համար՝ ավելի լավ արտացոլելով ճամփորդության իրական ժամանակները,已調整工作日時間表,以提高可靠性，更有效反映實際行程時間,평일 일정 조정,실제 이동 시간을 더 정확히 반영하여 신뢰성 개선,平日スケジュールの調整,信頼性を向上させるため、実際の移動時間をより適切に反映,Уточненное расписание на будние дни,Для повышения надежности и более точного отражения фактического времени в пути,Đã điều chỉnh lịch trình Các Ngày Trong Tuần,Để cải thiện độ tin cậy nhằm phù hợp hơn với thời gian di chuyển thực tế
205,205_TT_12-15-24.pdf,,Adjusted Weekday schedule,For improved reliability better reflecting actual travel times,Horario ajustado de los días laborables,"Para mejorar la confiabilidad, reflejar mejor los tiempos de viaje reales",Ճշգրտվել է աշխատանքային օրերի գրաֆիկը,Բարելավված հուսալիության համար՝ ավելի լավ արտացոլելով ճամփորդության իրական ժամանակները,已調整工作日時間表,以提高可靠性，更有效反映實際行程時間,평일 일정 조정,실제 이동 시간을 더 정확히 반영하여 신뢰성 개선,平日スケジュールの調整,信頼性を向上させるため、実際の移動時間をより適切に反映,Уточненное расписание на будние дни,Для повышения надежности и более точного отражения фактического времени в пути,Đã điều chỉnh lịch trình Các Ngày Trong Tuần,Để cải thiện độ tin cậy nhằm phù hợp hơn với thời gian di chuyển thực tế
206,206_TT_12-15-24.pdf,,"Adjusted Weekday, Saturday and Sunday schedules",For improved reliability better reflecting actual travel times,"Horario ajustado de los días laborables, sábados y domingos","Para mejorar la confiabilidad, reflejar mejor los tiempos de viaje reales","Ճշգրտվել են աշխատանքային օրերի, շաբաթ և կիրակի օրերի ժամանակացույցները",Բարելավված հուսալիության համար՝ ավելի լավ արտացոլելով ճամփորդության իրական ժամանակները,已調整工作日、週六和週日時間表,以提高可靠性，更有效反映實際行程時間,"평일, 토요일, 일요일 일정 조정",실제 이동 시간을 더 정확히 반영하여 신뢰성 개선,平日土日スケジュールの調整,信頼性を向上させるため、実際の移動時間をより適切に反映,"Уточненное расписание на субботу, воскресенье и будние дни",Для повышения надежности и более точного отражения фактического времени в пути,"Đã điều chỉnh lịch trình Các Ngày Trong Tuần, Thứ Bảy và Chủ Nhật",Để cải thiện độ tin cậy nhằm phù hợp hơn với thời gian di chuyển thực tế
207,207_TT_12-15-24.pdf,,Adjusted Weekday schedule,For improved reliability better reflecting actual travel times,Horario ajustado de los días laborables,"Para mejorar la confiabilidad, reflejar mejor los tiempos de viaje reales",Ճշգրտվել է աշխատանքային օրերի գրաֆիկը,Բարելավված հուսալիության համար՝ ավելի լավ արտացոլելով ճամփորդության իրական ժամանակները,已調整工作日時間表,以提高可靠性，更有效反映實際行程時間,평일 일정 조정,실제 이동 시간을 더 정확히 반영하여 신뢰성 개선,平日スケジュールの調整,信頼性を向上させるため、実際の移動時間をより適切に反映,Уточненное расписание на будние дни,Для повышения надежности и более точного отражения фактического времени в пути,Đã điều chỉnh lịch trình Các Ngày Trong Tuần,Để cải thiện độ tin cậy nhằm phù hợp hơn với thời gian di chuyển thực tế
210,210_TT_12-15-24.pdf,,Adjusted Weekday schedule,For improved reliability better reflecting actual travel times,Horario ajustado de los días laborables,"Para mejorar la confiabilidad, reflejar mejor los tiempos de viaje reales",Ճշգրտվել է աշխատանքային օրերի գրաֆիկը,Բարելավված հուսալիության համար՝ ավելի լավ արտացոլելով ճամփորդության իրական ժամանակները,已調整工作日時間表,以提高可靠性，更有效反映實際行程時間,평일 일정 조정,실제 이동 시간을 더 정확히 반영하여 신뢰성 개선,平日スケジュールの調整,信頼性を向上させるため、実際の移動時間をより適切に反映,Уточненное расписание на будние дни,Для повышения надежности и более точного отражения фактического времени в пути,Đã điều chỉnh lịch trình Các Ngày Trong Tuần,Để cải thiện độ tin cậy nhằm phù hợp hơn với thời gian di chuyển thực tế
211,211-215_TT_12-15-24.pdf,,Adjusted Weekday schedule,For improved reliability better reflecting actual travel times,Horario ajustado de los días laborables,"Para mejorar la confiabilidad, reflejar mejor los tiempos de viaje reales",Ճշգրտվել է աշխատանքային օրերի գրաֆիկը,Բարելավված հուսալիության համար՝ ավելի լավ արտացոլելով ճամփորդության իրական ժամանակները,已調整工作日時間表,以提高可靠性，更有效反映實際行程時間,평일 일정 조정,실제 이동 시간을 더 정확히 반영하여 신뢰성 개선,平日スケジュールの調整,信頼性を向上させるため、実際の移動時間をより適切に反映,Уточненное расписание на будние дни,Для повышения надежности и более точного отражения фактического времени в пути,Đã điều chỉnh lịch trình Các Ngày Trong Tuần,Để cải thiện độ tin cậy nhằm phù hợp hơn với thời gian di chuyển thực tế
212,212_TT_12-15-24.pdf,,Adjusted Saturday and Sunday schedules. Slight reduction in number of weekday trips in line with ridership.,For improved reliability better reflecting actual travel times. Savings reallocated to other improvements.,Horario ajustado de los días laborables los sábados y domingos. Ligera reducción en el número de viajes entre semana en línea con el número de pasajeros.,"Para mejorar la confiabilidad, reflejar mejor los tiempos de viaje reales. Ahorros reasignados a otras mejoras.",Ճշգրտվել են շաբաթ և կիրակի օրերի ժամանակացույցները։ Աշխատանքային օրերին ուղևորությունների թվի աննշան նվազում՝ ուղևորահոսքին համապատասխան։,Բարելավված հուսալիության համար ավելի լավ են արտացոլվել ճամփորդության իրական ժամանակները Խնայողությունները վերաբաշխված են այլ բարելավումների համար:,週六、週日班次有所調整。根據客流量，工作日行程數量略為減少。,以提高可靠性，更有效反映實際行程時間。節省的資金重新分配給其他改進。,"토요일, 일요일 일정이 조정되었습니다. 승객 수에 맞춰 평일 운행 횟수를 소폭 줄입니다.",실제 이동 시간을 더 정확히 반영하여 신뢰성을 개선합니다. 절감액을 다른 개선 사항에 재배치했습니다.,土日のスケジュールを調整しました。乗客数に応じ、平日の運行数を少し減らしました。,信頼性を向上させるため、実際の移動時間をより適切に反映させます。節約時間は他の改善に再配分されました。,Уточненное расписание на субботу и воскресенье. Незначительное сокращение количества рейсов в будние дни с учетом пассажиропотока.,Для повышения надежности и более точного отражения фактического времени в пути. Сэкономленные средства были использованы на другие улучшения.,Đã điều chỉnh lịch trình Thứ Bảy và Chủ Nhật. Giảm nhẹ số chuyến đi vào ngày trong tuần tùy theo lượng hành khách.,Để cải thiện độ tin cậy nhằm phù hợp với thời gian di chuyển thực tế. Khoản tiết kiệm được phân bổ lại cho các hoạt động cải tiến khác.
215,211-215_TT_12-15-24.pdf,,Adjusted Weekday schedule,For improved reliability better reflecting actual travel times,Horario ajustado de los días laborables,"Para mejorar la confiabilidad, reflejar mejor los tiempos de viaje reales",Ճշգրտվել է աշխատանքային օրերի գրաֆիկը,Բարելավված հուսալիության համար՝ ավելի լավ արտացոլելով ճամփորդության իրական ժամանակները,已調整工作日時間表,以提高可靠性，更有效反映實際行程時間,평일 일정 조정,실제 이동 시간을 더 정확히 반영하여 신뢰성 개선,平日スケジュールの調整,信頼性を向上させるため、実際の移動時間をより適切に反映,Уточненное расписание на будние дни,Для повышения надежности и более точного отражения фактического времени в пути,Đã điều chỉnh lịch trình Các Ngày Trong Tuần,Để cải thiện độ tin cậy nhằm phù hợp hơn với thời gian di chuyển thực tế
217,217_TT_12-15-24.pdf,,"Adjusted Weekday, Saturday and Sunday schedules. Slight reduction in weekday trips in line with ridership.",For improved reliability better reflecting actual travel times. Savings reallocated to other improvements.,"Horario ajustado de los días laborables, sábados y domingos. Ligera reducción en los viajes de los días laborables en línea con la cantidad de pasajeros.","Para mejorar la confiabilidad, reflejar mejor los tiempos de viaje reales. Ahorros reasignados a otras mejoras.","Ճշգրտվել են աշխատանքային օրերի, շաբաթ և կիրակի օրերի ժամանակացույցները։ Աշխատանքային օրերին ուղևորությունների թվի աննշան նվազում՝ ուղևորահոսքին համապատասխան։",Բարելավված հուսալիության համար ավելի լավ են արտացոլվել ճամփորդության իրական ժամանակները։ Խնայողությունները վերաբաշխված են այլ բարելավումների համար:,已調整工作日、週六和週日時間表。根據客流量，工作日行程略有減少。,以提高可靠性，更有效反映實際行程時間。節省的資金重新分配給其他改進。,"평일, 토요일, 일요일 일정이 조정되었습니다. 승객 수에 맞춰 평일 운행을 소폭 줄입니다.",실제 이동 시간을 더 정확히 반영하여 신뢰성을 개선합니다. 절감액을 다른 개선 사항에 재배치했습니다.,平日土日スケジュールを調整しました。乗客数に応じ、平日の運行を少し減らしました。,信頼性を向上させるため、実際の移動時間をより適切に反映させます。節約時間は他の改善に再配分されました。,"Уточненное расписание на субботу, воскресенье и будние дни. Незначительное сокращение рейсов в будние дни с учетом пассажиропотока.",Для повышения надежности и более точного отражения фактического времени в пути. Сэкономленные средства были использованы на другие улучшения.,"Đã điều chỉnh lịch trình Các Ngày Trong Tuần, Thứ Bảy và Chủ Nhật. Giảm nhẹ số chuyến đi vào các ngày trong tuần tùy theo lượng hành khách.",Để cải thiện độ tin cậy nhằm phù hợp hơn với thời gian di chuyển thực tế. Khoản tiết kiệm được phân bổ lại cho các hoạt động cải tiến khác.
218,218_TT_12-15-24.pdf,,"Adjusted Weekday, Saturday and Sunday schedules",For improved reliability better reflecting actual travel times,"Horario ajustado de los días laborables, sábados y domingos",Para mejorar la confiabilidad y reflejar mejor los tiempos de viaje reales,"Ճշգրտվել են աշխատանքային օրերի, շաբաթ և կիրակի օրերի ժամանակացույցները",Բարելավված հուսալիության համար՝ ավելի լավ արտացոլելով ճամփորդության իրական ժամանակները,已調整工作日、週六和週日時間表,以提高可靠性，更有效反映實際行程時間,"평일, 토요일, 일요일 일정 조정",실제 이동 시간을 더 정확히 반영하여 신뢰성 개선,平日土日スケジュールの調整,信頼性を向上させるため、実際の移動時間をより適切に反映,"Уточненное расписание на субботу, воскресенье и будние дни",Для повышения надежности и более точного отражения фактического времени в пути,"Đã điều chỉnh lịch trình Các Ngày Trong Tuần, Thứ Bảy và Chủ Nhật",Để cải thiện độ tin cậy nhằm phù hợp hơn với thời gian di chuyển thực tế
224,224_TT_12-15-24.pdf,,"Adjusted Weekday, Saturday and Sunday schedules",For improved reliability better reflecting actual travel times,"Horario ajustado de los días laborables, sábados y domingos",Para mejorar la confiabilidad y reflejar mejor los tiempos de viaje reales,"Ճշգրտվել են աշխատանքային օրերի, շաբաթ և կիրակի օրերի ժամանակացույցները",Բարելավված հուսալիության համար՝ ավելի լավ արտացոլելով ճամփորդության իրական ժամանակները,已調整工作日、週六和週日時間表,以提高可靠性，更有效反映實際行程時間,"평일, 토요일, 일요일 일정 조정",실제 이동 시간을 더 정확히 반영하여 신뢰성 개선,平日土日スケジュールの調整,信頼性を向上させるため、実際の移動時間をより適切に反映,"Уточненное расписание на субботу, воскресенье и будние дни",Для повышения надежности и более точного отражения фактического времени в пути,"Đã điều chỉnh lịch trình Các Ngày Trong Tuần, Thứ Bảy và Chủ Nhật",Để cải thiện độ tin cậy nhằm phù hợp hơn với thời gian di chuyển thực tế
232,232_TT_12-15-24.pdf,,"Service will be rerouted via Aviation/LAX and Aviation/Century Stations instead of Mariposa Station to LAX City Bus Center (and will move to new LAX/Metro Transit Center when that opens). Adjusted Weekday, Saturday, Sunday schedules. Slight reduction in number of weekday trips in line with ridership.",For improved access to the LAX area and new C and K rail lines. Improved reliability better reflecting actual travel times. Savings reallocated to other improvements.,"El servicio se desviará a través de las estaciones Aviation/LAX y Aviation/Century en lugar de la estación Mariposa hasta el LAX City Bus Center (y se trasladará al nuevo LAX/Metro Transit Center cuando se inaugure). Horario ajustado de los días laborables, sábados y domingos. Ligera reducción en la cantidad de viajes de los días laborables en línea con la cantidad de pasajeros.",Para mejorar el acceso al área LAX y las nuevas líneas ferroviarias C y K. Mejor confiabilidad y reflejar mejor los tiempos de viaje reales. Ahorros reasignados a otras mejoras.,"Ծառայությունը կփոխանցվի Aviation/LAX և Aviation/Century կայանների միջոցով Mariposa Station-ի փոխարեն դեպի LAX City Bus Center (և կտեղափոխվի նոր LAX/Metro Transit Center, երբ այն բացվի)։ Ճշգրտվել են աշխատանքային օրերի, շաբաթ և կիրակի օրերի ժամանակացույցները։ Աշխատանքային օրերին ուղևորությունների թվի աննշան նվազում՝ ուղևորահոսքին համապատասխան։",LAX տարածք և նոր C և K երկաթուղային գծերի բարելավված մուտքի համար։ Բարելավված հուսալիություն՝ ավելի լավ արտացոլելու ճամփորդության իրական ժամանակները Խնայողությունները վերաբաշխված են այլ բարելավումների համար:,服務將改道經由Aviation/LAX和Aviation/Century車站，而非Mariposa車站，前往LAX City Bus Center（並在新的LAX/Metro Transit Center啟用後遷移至該處）。已調整工作日、週六、週日時間表。根據客流量，工作日行程數量略為減少。,改善前往LAX地區以及新C和K軌道路線的交通。提高可靠性，更能反映實際行程時間。節省的資金重新分配給其他改進。,"Mariposa Station 대신 Aviation/LAX 및 Aviation/Century Stations를 경유하여 LAX City Bus Center(새로운 LAX/Metro Transit Center 개통 시 이전)로 이어지는 경로로 서비스가 변경됩니다. 평일, 토요일, 일요일 일정이 조정되었습니다. 승객 수에 맞춰 평일 운행 횟수를 소폭 줄입니다.",LAX 지역과 새로운 C Line 및 K Line의 접근성이 개선되었습니다. 실제 이동 시간을 더 정확히 반영하여 신뢰성을 개선했습니다. 절감액을 다른 개선 사항에 재배치했습니다.,サービスは、Mariposa StationからLAX City Bus Centerの代わりに、Aviation/LAX StationとAviation/Century Station経由のルートに変更されます (新しいLAX/Metro Transit Centerがオープンすると、そちらが使用されます)。平日土日スケジュールを調整しました。乗客数に応じ、平日の運行数を少し減らしました。,LAXエリアと新しいC路線、K路線へのアクセスを向上させるため。実際の移動時間をより適切に反映し、信頼性を向上させました。節約時間は他の改善に再配分されました。,"Движение будет перенаправлено через станции Aviation/LAX Station и Aviation/Century Station вместо станции Mariposa в городской автобусный центр LAX (и перейдет в новый LAX/Metro Transit Center, когда он откроется). Уточненное расписание на субботу, воскресенье и будние дни. Незначительное сокращение количества рейсов в будние дни с учетом пассажиропотока.",Для улучшения доступа к району LAX и новым железнодорожным линиям C и K. Повышение надежности и более точное отражение фактического времени в пути. Сэкономленные средства были использованы на другие улучшения.,"Dịch vụ sẽ được thay đổi lộ trình qua các Aviation/LAX Station và Aviation/Century Station thay vì Mariposa Station đến LAX City Bus Center (và sẽ chuyển đến LAX/Metro Transit Center mới khi trung tâm này mở cửa). Đã điều chỉnh lịch trình Các Ngày Trong Tuần, Thứ Bảy, Chủ Nhật Giảm nhẹ số chuyến đi vào ngày trong tuần tùy theo lượng hành khách.",Để cải thiện khả năng tiếp cận khu vực LAX và tuyến đường sắt C và K mới. Đã cải thiện độ tin cậy nhằm phù hợp hơn với thời gian di chuyển thực tế. Khoản tiết kiệm được phân bổ lại cho các hoạt động cải tiến khác.
234,234_TT_12-15-24.pdf,,"Adjusted Weekday, Saturday and Sunday schedules",For improved reliability better reflecting actual travel times,"Horario ajustado de los días laborables, sábados y domingos",Para mejorar la confiabilidad y reflejar mejor los tiempos de viaje reales,"Ճշգրտվել են աշխատանքային օրերի, շաբաթ և կիրակի օրերի ժամանակացույցները",Բարելավված հուսալիության համար՝ ավելի լավ արտացոլելով ճամփորդության իրական ժամանակները,已調整工作日、週六和週日時間表,以提高可靠性，更有效反映實際行程時間,"평일, 토요일, 일요일 일정 조정",실제 이동 시간을 더 정확히 반영하여 신뢰성 개선,平日土日スケジュールの調整,信頼性を向上させるため、実際の移動時間をより適切に反映,"Уточненное расписание на субботу, воскресенье и будние дни",Для повышения надежности и более точного отражения фактического времени в пути,"Đã điều chỉnh lịch trình Các Ngày Trong Tuần, Thứ Bảy và Chủ Nhật",Để cải thiện độ tin cậy nhằm phù hợp hơn với thời gian di chuyển thực tế
237,237_TT_12-15-24.pdf,,"Adjusted Weekday, Saturday and Sunday schedules",For improved reliability better reflecting actual travel times,"Horario ajustado de los días laborables, sábados y domingos",Para mejorar la confiabilidad y reflejar mejor los tiempos de viaje reales,"Ճշգրտվել են աշխատանքային օրերի, շաբաթ և կիրակի օրերի ժամանակացույցները",Բարելավված հուսալիության համար՝ ավելի լավ արտացոլելով ճամփորդության իրական ժամանակները,已調整工作日、週六和週日時間表,以提高可靠性，更有效反映實際行程時間,"평일, 토요일, 일요일 일정 조정",실제 이동 시간을 더 정확히 반영하여 신뢰성 개선,平日土日スケジュールの調整,信頼性を向上させるため、実際の移動時間をより適切に反映,"Уточненное расписание на субботу, воскресенье и будние дни",Для повышения надежности и более точного отражения фактического времени в пути,"Đã điều chỉnh lịch trình Các Ngày Trong Tuần, Thứ Bảy và Chủ Nhật",Để cải thiện độ tin cậy nhằm phù hợp hơn với thời gian di chuyển thực tế
240,240_TT_12-15-24.pdf,,"Adjusted Weekday, Saturday and Sunday schedules",For improved reliability better reflecting actual travel times,"Horario ajustado de los días laborables, sábados y domingos",Para mejorar la confiabilidad y reflejar mejor los tiempos de viaje reales,"Ճշգրտվել են աշխատանքային օրերի, շաբաթ և կիրակի օրերի ժամանակացույցները",Բարելավված հուսալիության համար՝ ավելի լավ արտացոլելով ճամփորդության իրական ժամանակները,已調整工作日、週六和週日時間表,以提高可靠性，更有效反映實際行程時間,"평일, 토요일, 일요일 일정 조정",실제 이동 시간을 더 정확히 반영하여 신뢰성 개선,平日土日スケジュールの調整,信頼性を向上させるため、実際の移動時間をより適切に反映,"Уточненное расписание на субботу, воскресенье и будние дни",Для повышения надежности и более точного отражения фактического времени в пути,"Đã điều chỉnh lịch trình Các Ngày Trong Tuần, Thứ Bảy và Chủ Nhật",Để cải thiện độ tin cậy nhằm phù hợp hơn với thời gian di chuyển thực tế
244,244_TT_12-15-24.pdf,,Added trip weekdays.,To accomodate extra passengers.,Se agregaron viajes en días laborables.,Para acomodar pasajeros adicionales.,Ավելացվել է ուղևորություն աշխատանքային օրերին։,Լրացուցիչ ուղևորներ տեղավորելու համար։,已新增工作日行程。,以容納更多乘客。,평일 운행이 추가되었습니다.,더 많은 승객을 수용하기 위한 조치입니다.,平日の運行を追加しました。,追加の乗客数に対応するため。,Добавлен рейс в будние дни.,Для перевозки большего количества пассажиров.,Đã tăng thêm chuyến đi vào các ngày trong tuần.,Chuyến đi được tăng thểm để phục vụ thêm nhiều hành khách.
251,251_TT_12-15-24.pdf,,Adjusted Weekday and Saturday schedules,For improved reliability better reflecting actual travel times,Horario ajustado de los días laborables y sábados,Para mejorar la confiabilidad y reflejar mejor los tiempos de viaje reales,Ճշգրտվել է ժամանակացույցը աշխատանքային և շաբաթ օրերի համար։,Բարելավված հուսալիության համար՝ ավելի լավ արտացոլելով ճամփորդության իրական ժամանակները,已調整工作日及週六時刻表,以提高可靠性，更有效反映實際行程時間,평일 및 토요일 일정 조정,실제 이동 시간을 더 정확히 반영하여 신뢰성 개선,平日土曜スケジュールの調整,信頼性を向上させるため、実際の移動時間をより適切に反映,Уточненное расписание на субботу и будние дни,Для повышения надежности и более точного отражения фактического времени в пути,Đã điều chỉnh lịch trình Các Ngày Trong Tuần và Thứ Bảy,Để cải thiện độ tin cậy nhằm phù hợp hơn với thời gian di chuyển thực tế
256,,,"Metro Line 256 will become Pasadena Transit Line 33. Service frequency will be improved from every 50 to every 35 minutes weekdays, Saturdays, and Sundays. The existing alignment, operating hours & stops will continue.",Integrated into the local Pasadena Transit network.,"La línea 256 de Metro se convertirá en la línea 33 de Pasadena Transit. La frecuencia del servicio se mejorará de cada 50 a cada 35 minutos los días laborables, sábados y domingos. La alineación, los horarios de funcionamiento y las paradas existentes continuarán.",Integrado en la red local de tránsito de Pasadena.,"151Metro Line 256-ը կդառնա Pasadena Transit Line 33: Ծառայությունների հաճախականությունը կբարելավվի յուրաքանչյուր 50-ից մինչև յուրաքանչյուր 35 րոպե աշխատանքային օրերին, շաբաթ և կիրակի օրերին: Ներկայիս երթևեկության ռեժիմը, բացման ժամերը և կանգառները կմնան նույնը:",Ինտեգրված է տեղական Pasadena-ի տարանցիկ ցանցին։,Metro Line 256將改為Pasadena Transit Line 33。工作日、星期六和星期日的服務班次將從每50分鐘一班提升至每35分鐘一班。現有路線、營運時間及停靠站將繼續維持不變。,整合進入當地的Pasadena Transit網路。,"Metro Line 256은 Pasadena Transit Line 33이 됩니다. 평일, 토요일, 일요일에는 운행 배차 간격을 50분에서 35분으로 개선합니다. 기존 정렬, 운영 시간 및 정류장은 계속됩니다.",지역 Pasadena Transit 네트워크에 통합되었습니다.,Metro Line 256はPasadena Transit Line 33になります。平日土日の運行頻度が50分間隔から35分間隔に向上されます。既存の路線、運行時間、停車駅は継続されます。,現地のPasadena Transitネットワークに統合されました。,"Линия Metro Line 256 станет линией Pasadena Transit Line 33. Частота поездок будет увеличена с 50 до 35 минут по будням, субботам и воскресеньям. Существующее расположение, часы работы и остановки останутся без изменений.",Интегрировано в местную сеть Pasadena Transit.,"Metro Line 256 sẽ trở thành Pasadena Transit Line 33. Tần suất dịch vụ sẽ được cải thiện từ 50 phút một chuyến lên 35 phút một chuyến vào các ngày trong tuần, Thứ Bảy và Chủ Nhật. Vẫn giữ nguyên lộ trình, giờ hoạt động & các điểm dừng.",Được tích hợp vào mạng lưới Pasadena Transit địa phương.
260,260-261_TT_12-15-24.pdf,,"Adjusted Weekday, Saturday and Sunday schedules. Every second trip on Line 260 weekdays and weekends between Pasadena and South Gate via Atlantic Bl will be extended via Imperial Highway to serve the key regional destination of Willowbrook/Rosa Parks A & C Line Station. The other existing Line 260 trips between Pasadena and Artesia Station via Atlantic Bl will be maintained but renumbered Line 261. Passengers riding Line 260 currently on Fair Oaks Av Atlantic Bl between Pasadena and Imperial Highway may use either Line 260 or 261.",For improved reliability better reflecting actual travel times and for improved regional connectivity.,"Horario ajustado de los días laborables, sábados y domingos. Cada segundo viaje de la Línea 260 entre semana y los fines de semana entre Pasadena y South Gate por Atlantic Bl se extenderá por Imperial Highway para servir al destino regional clave de la estación Willowbrook/Rosa Parks de las líneas A y C de Metro. Los otros viajes existentes de la Línea 260 entre Pasadena y la estación Artesia por Atlantic Bl se mantendrán, pero se renumerarán como Línea 261. Los pasajeros que viajan actualmente en la Línea 260 en Fair Oaks Av Atlantic Bl entre Pasadena e Imperial Highway pueden usar la Línea 260 o la 261.","Para mejorar la confiabilidad, reflejar mejor los tiempos de viaje reales y mejorar la conectividad regional.","Ճշգրտվել են աշխատանքային օրերի, շաբաթ և կիրակի օրերի ժամանակացույցները։ Ամեն երկրորդ ուղևորությունը Line 260-ով աշխատանքային օրերին և հանգստյան օրերին Pasadena-ի և South Gat-ի միջև Atlantic Bl-ով կերկարաձգվի՝ անցնելով Imperial Highway-ով՝ սպասարկելու Willowbrook/Rosa Parks A և C Line-երի կայարանի հիմնական տարածքային նպատակակետը։ Line 260-ի մյուս երթուղիները Pasadena -ի և Artesia կայարանի միջև Atlantic Bl-ով կպահպանվեն, բայց կվերահամարակալվեն Line 261։ Pasadena-ի և Imperial Highway-ի միջև գտնվող Fair Oaks Av Atlantic Bl-ով Line 260 ունեցող ուղևորները կարող են օգտվել Line 260 կամ 261-ից։","Բարելավված հուսալիության համար, որն ավելի լավ է արտացոլում ճամփորդության իրական ժամանակները և բարելավված տարածաշրջանային կապը:",已調整工作日、週六和週日時間表。工作日和週末在Pasadena和South Gate之間經由Atlantic Bl的Line 260，每兩班車中的一班將延伸經由Imperial Highway，服務重要的區域目的地Willowbrook/Rosa Parks Line A & C車站。其他現有Line 260，行駛於Pasadena和Artesia Station之間，經由Atlantic Bl，將維持運行，但重新編號為Line 261。目前在Fair Oaks Av Atlantic Bl之間搭乘260路的乘客，可選擇搭乘Line 260或261。,以提高可靠性，更準確地反映實際行程時間，並改善區域連接性。,"평일, 토요일, 일요일 일정이 조정되었습니다. 평일과 주말에 Atlantic Bl를 경유해 Pasadena와 South Gate 사이를 운행하는 Line 260의 두 번째 배차는 Imperial Highway를 따라 연장되어 Willowbrook/Rosa Parks A 및 C Line Station의 주요 지역 거점까지 운행됩니다. Atlantic Bl를 경유해 Pasadena Station과 Artesia Station 사이를 연결하는 다른 기존 Line 260 운행은 유지되지만 Line 261로 번호가 변경됩니다. 현재 Pasadena와 Imperial Highway 사이의 Fair Oaks Av Atlantic Bl에서 Line 260을 이용하는 승객은 Line 260이나 Line 261을 이용할 수 있습니다.",실제 이동 시간을 더 정확히 반영하고 지역 연계성을 개선하여 신뢰성을 개선합니다.,"平日土日スケジュールを調整しました。Pasadena/South Gate間 (Atlantic Bl経由) のLine 260の平日と週末の2便ごとの運行はImperial Highway経由で延長され、地域の主要目的地であるWillowbrook/Rosa ParksのA Line StationとC Line Stationまで運行されます。Pasadena/Artesia Station (Atlantic Bl経由) の他の既存のLine 260の運行は維持されますが、Line 261に番号が変更されます。現在、Pasadena/Imperial Highway間のFair Oaks Av, Atlantic BlでLine 260に乗車している利用者は、Line 260またはLine 261のいずれかを使用できます。",実際の移動時間をより適切に反映して信頼性を向上させ、地域の接続性を改善するため。,"Уточненное расписание на субботу, воскресенье и будние дни. Каждый второй рейс Line 260 в будние и выходные дни между Pasadena и South Gate через Atlantic Bl будет продлен через Imperial Highway для обслуживания ключевого регионального пункта назначения — станции линий Line A и Line C Willowbrook / Rosa Parks Station. Другие существующие рейсы Line 260 между станциями Pasadena и Artesia Station через Atlantic Bl сохранятся, но будут переименованы на Line 261. Пассажиры, которые в настоящее время ездят по маршруту Line 260 по Fair Oaks Av Atlantic Bl между Pasadena и Imperial Highway могут пользоваться линией Line 260 или 261.","Для повышения надежности, более точного отражения фактического времени в пути и улучшения согласованности расписания внутри региона.","Đã điều chỉnh lịch trình Các Ngày Trong Tuần, Thứ Bảy và Chủ Nhật. Mỗi chuyến đi thứ hai trên Line 260 vào các ngày trong tuần và cuối tuần giữa Pasadena và South Gate qua Atlantic Bl sẽ được kéo dài qua Imperial Highway để phục vụ điểm đến quan trọng trong khu vực là Willowbrook/Rosa Parks A & C Line Station. Các chuyến đi hiện có khác trên Line 260 giữa Pasadena và Artesia Station qua Atlantic Bl sẽ được duy trì nhưng đổi tên thành Line 261. Hành khách đi Line 260 hiện đang đi trên Fair Oaks Av Atlantic Bl giữa Pasadena và Imperial Highway có thể sử dụng Line 260 hoặc 261.",Để cải thiện độ tin cậy nhằm phù hợp hơn với thời gian di chuyển thực tế và cải thiện khả năng kết nối khu vực.
265,265_TT_12-15-24.pdf,,"Adjusted Weekday, Saturday and Sunday schedules. Slight reduction in weekday trips in line with ridership.",For improved reliability better reflecting actual travel times. Savings reallocated to other improvements.,"Horarios ajustados de los días laborables, sábados y domingos. Ligera reducción en los viajes de los días laborables en línea con la cantidad de pasajeros.","Para mejorar la confiabilidad, reflejar mejor los tiempos de viaje reales. Ahorros reasignados a otras mejoras.","Ճշգրտվել են աշխատանքային օրերի, շաբաթ և կիրակի օրերի ժամանակացույցները։ Աշխատանքային օրերին ուղևորությունների թվի աննշան նվազում՝ ուղևորահոսքին համապատասխան։",Բարելավված հուսալիության համար ավելի լավ են արտացոլվել ճամփորդության իրական ժամանակները։ Խնայողությունները վերաբաշխված են այլ բարելավումների համար:,已調整工作日、週六和週日時間表。根據客流量，工作日行程略有減少。,以提高可靠性，更有效反映實際行程時間。節省的資金重新分配給其他改進。,"평일, 토요일, 일요일 일정이 조정되었습니다. 승객 수에 맞춰 평일 운행을 소폭 줄입니다.",실제 이동 시간을 더 정확히 반영하여 신뢰성을 개선합니다. 절감액을 다른 개선 사항에 재배치했습니다.,平日土日スケジュールを調整しました。乗客数に応じ、平日の運行を少し減らしました。,信頼性を向上させるため、実際の移動時間をより適切に反映させます。節約時間は他の改善に再配分されました。,"Уточненное расписание на субботу, воскресенье и будние дни. Незначительное сокращение рейсов в будние дни с учетом пассажиропотока.",Для повышения надежности и более точного отражения фактического времени в пути. Сэкономленные средства были использованы на другие улучшения.,"Đã điều chỉnh lịch trình Các Ngày Trong Tuần, Thứ Bảy và Chủ Nhật. Giảm nhẹ số chuyến đi vào các ngày trong tuần tùy theo lượng hành khách.",Để cải thiện độ tin cậy nhằm phù hợp hơn với thời gian di chuyển thực tế. Khoản tiết kiệm được phân bổ lại cho các hoạt động cải tiến khác.
266,266_TT_12-15-24.pdf,,"Adjusted Weekday, Saturday and Sunday schedules",For improved reliability better reflecting actual travel times,"Horarios ajustados de los días laborables, sábados y domingos","Para mejorar la confiabilidad, reflejar mejor los tiempos de viaje reales","Ճշգրտվել են աշխատանքային օրերի, շաբաթ և կիրակի օրերի ժամանակացույցները",Բարելավված հուսալիության համար՝ ավելի լավ արտացոլելով ճամփորդության իրական ժամանակները,已調整工作日、週六和週日時間表,以提高可靠性，更有效反映實際行程時間,"평일, 토요일, 일요일 일정 조정",실제 이동 시간을 더 정확히 반영하여 신뢰성 개선,平日土日スケジュールの調整,信頼性を向上させるため、実際の移動時間をより適切に反映,"Уточненное расписание на субботу, воскресенье и будние дни",Для повышения надежности и более точного отражения фактического времени в пути,"Đã điều chỉnh lịch trình Các Ngày Trong Tuần, Thứ Bảy và Chủ Nhật",Để cải thiện độ tin cậy nhằm phù hợp hơn với thời gian di chuyển thực tế
287,287_TT_12-15-24.pdf,,Adjusted Weekday schedule,For improved reliability better reflecting actual travel times,Horario ajustado de los días laborables,"Para mejorar la confiabilidad, reflejar mejor los tiempos de viaje reales",Ճշգրտվել է աշխատանքային օրերի գրաֆիկը,Բարելավված հուսալիության համար՝ ավելի լավ արտացոլելով ճամփորդության իրական ժամանակները,已調整工作日時間表,以提高可靠性，更有效反映實際行程時間,평일 일정 조정,실제 이동 시간을 더 정확히 반영하여 신뢰성 개선,平日スケジュールの調整,信頼性を向上させるため、実際の移動時間をより適切に反映,Уточненное расписание на будние дни,Для повышения надежности и более точного отражения фактического времени в пути,Đã điều chỉnh lịch trình Các Ngày Trong Tuần,Để cải thiện độ tin cậy nhằm phù hợp hơn với thời gian di chuyển thực tế
294,294_TT_12-15-24.pdf,,Adjusted Weekday schedule,For improved reliability better reflecting actual travel times,Horario ajustado de los días laborables,"Para mejorar la confiabilidad, reflejar mejor los tiempos de viaje reales",Ճշգրտվել է աշխատանքային օրերի գրաֆիկը,Բարելավված հուսալիության համար՝ ավելի լավ արտացոլելով ճամփորդության իրական ժամանակները,已調整工作日時間表,以提高可靠性，更有效反映實際行程時間,평일 일정 조정,실제 이동 시간을 더 정확히 반영하여 신뢰성 개선,平日スケジュールの調整,信頼性を向上させるため、実際の移動時間をより適切に反映,Уточненное расписание на будние дни,Для повышения надежности и более точного отражения фактического времени в пути,Đã điều chỉnh lịch trình Các Ngày Trong Tuần,Để cải thiện độ tin cậy nhằm phù hợp hơn với thời gian di chuyển thực tế
460,460_TT_12-15-24.pdf,,"Adjusted Weekday, Saturday and Sunday schedules",For improved reliability better reflecting actual travel times,"Horario ajustado de los días laborables, sábados y domingos","Para mejorar la confiabilidad, reflejar mejor los tiempos de viaje reales","Ճշգրտվել են աշխատանքային օրերի, շաբաթ և կիրակի օրերի ժամանակացույցները",Բարելավված հուսալիության համար՝ ավելի լավ արտացոլելով ճամփորդության իրական ժամանակները,已調整工作日、週六和週日時間表,以提高可靠性，更有效反映實際行程時間,"평일, 토요일, 일요일 일정 조정",실제 이동 시간을 더 정확히 반영하여 신뢰성 개선,平日土日スケジュールの調整,信頼性を向上させるため、実際の移動時間をより適切に反映,"Уточненное расписание на субботу, воскресенье и будние дни",Для повышения надежности и более точного отражения фактического времени в пути,"Đã điều chỉnh lịch trình Các Ngày Trong Tuần, Thứ Bảy và Chủ Nhật",Để cải thiện độ tin cậy nhằm phù hợp hơn với thời gian di chuyển thực tế
501,501_TT_12-15-24.pdf,,Adjusted Weekday schedule,For improved reliability better reflecting actual travel times,Horario ajustado de los días laborables,"Para mejorar la confiabilidad, reflejar mejor los tiempos de viaje reales",Ճշգրտվել է աշխատանքային օրերի գրաֆիկը,Բարելավված հուսալիության համար՝ ավելի լավ արտացոլելով ճամփորդության իրական ժամանակները,已調整工作日時間表,以提高可靠性，更有效反映實際行程時間,평일 일정 조정,실제 이동 시간을 더 정확히 반영하여 신뢰성 개선,平日スケジュールの調整,信頼性を向上させるため、実際の移動時間をより適切に反映,Уточненное расписание на будние дни,Для повышения надежности и более точного отражения фактического времени в пути,Đã điều chỉnh lịch trình Các Ngày Trong Tuần,Để cải thiện độ tin cậy nhằm phù hợp hơn với thời gian di chuyển thực tế
601,601_TT_12-15-24.pdf,,"Adjusted Weekday, Saturday and Sunday schedules plus added round trip weeknights.",For improved reliability better reflecting actual travel times and to improve connections with G Line 901.,"Se ajustaron los horarios de los días laborables, sábados y domingos y se agregaron viajes de ida y vuelta durante la semana.","Para mejorar la confiabilidad, reflejar mejor los tiempos de viaje reales y mejorar las conexiones con la línea G 901.","Ճշգրտվել են աշխատանքային օրերի, շաբաթ և կիրակի օրերի ժամանակացույցները, իսկ աշխատանքային օրերին՝ երեկոյան, ավելացվել են երկկողմանի ուղևորություններ։",Բարելավված հուսալիության համար ավելի լավ են արտացոլվել իրական ճամփորդության ժամանակները և բարելավել կապերը G Line 901-ով։,調整工作日、週六及週日的時刻表，並增加工作日晚間的往返班次。,為了提高可靠性，更準確地反映實際行程時間，並改善與G Line 901的接駁。,"평일, 토요일, 일요일 일정이 조정되고 평일 왕복 운행이 추가되었습니다.",실제 이동 시간을 더 잘 반영하고 G Line 901과의 연결을 개선하기 위해 신뢰성을 개선했습니다.,平日土日のスケジュールの調整に加え、平日夜の往復便を追加しました。,実際の移動時間をより適切に反映して信頼性を向上させ、G Line 901との接続性を改善します。,"Уточненное расписание на субботу, воскресенье и будние дни, а также добавлены вечерние рейсы туда и обратно в будние дни.","Для повышения надежности, более точного отражения фактического времени в пути и улучшения согласованности расписания с рейсами линии Line G 901.","Đã điều chỉnh lịch trình Các Ngày Trong Tuần, Thứ Bảy và Chủ Nhật và tăng thêm các chuyến khứ hồi vào các buổi tối trong tuần.",Để cải thiện độ tin cậy nhằm phù hợp hơn với thời gian di chuyển thực tế và cải thiện khả năng kết nối với G Line 901.
602,602_TT_12-15-24.pdf,,Adjusted Weekday schedule,For improved reliability better reflecting actual travel times,Horario ajustado de los días laborables,"Para mejorar la confiabilidad, reflejar mejor los tiempos de viaje reales",Ճշգրտվել է աշխատանքային օրերի գրաֆիկը,Բարելավված հուսալիության համար՝ ավելի լավ արտացոլելով ճամփորդության իրական ժամանակները,已調整工作日時間表,以提高可靠性，更有效反映實際行程時間,평일 일정 조정,실제 이동 시간을 더 정확히 반영하여 신뢰성 개선,平日スケジュールの調整,信頼性を向上させるため、実際の移動時間をより適切に反映,Уточненное расписание на будние дни,Для повышения надежности и более точного отражения фактического времени в пути,Đã điều chỉnh lịch trình Các Ngày Trong Tuần,Để cải thiện độ tin cậy nhằm phù hợp hơn với thời gian di chuyển thực tế
603,603_TT_12-15-24.pdf,,"Adjusted Weekday, Saturday and Sunday schedules",For improved reliability better reflecting actual travel times,"Horario ajustado de los días laborables, sábados y domingos","Para mejorar la confiabilidad, reflejar mejor los tiempos de viaje reales","Ճշգրտվել են աշխատանքային օրերի, շաբաթ և կիրակի օրերի ժամանակացույցները",Բարելավված հուսալիության համար՝ ավելի լավ արտացոլելով ճամփորդության իրական ժամանակները,已調整工作日、週六和週日時間表,以提高可靠性，更有效反映實際行程時間,"평일, 토요일, 일요일 일정 조정",실제 이동 시간을 더 정확히 반영하여 신뢰성 개선,平日土日スケジュールの調整,信頼性を向上させるため、実際の移動時間をより適切に反映,"Уточненное расписание на субботу, воскресенье и будние дни",Для повышения надежности и более точного отражения фактического времени в пути,"Đã điều chỉnh lịch trình Các Ngày Trong Tuần, Thứ Bảy và Chủ Nhật",Để cải thiện độ tin cậy nhằm phù hợp hơn với thời gian di chuyển thực tế
605,605_TT_12-15-24.pdf,,Adjusted Weekday schedule,For improved reliability better reflecting actual travel times,Horario ajustado de los días laborables,"Para mejorar la confiabilidad, reflejar mejor los tiempos de viaje reales",Ճշգրտվել է աշխատանքային օրերի գրաֆիկը,Բարելավված հուսալիության համար՝ ավելի լավ արտացոլելով ճամփորդության իրական ժամանակները,已調整工作日時間表,以提高可靠性，更有效反映實際行程時間,평일 일정 조정,실제 이동 시간을 더 정확히 반영하여 신뢰성 개선,平日スケジュールの調整,信頼性を向上させるため、実際の移動時間をより適切に反映,Уточненное расписание на будние дни,Для повышения надежности и более точного отражения фактического времени в пути,Đã điều chỉnh lịch trình Các Ngày Trong Tuần,Để cải thiện độ tin cậy nhằm phù hợp hơn với thời gian di chuyển thực tế
617,617_TT_12-15-24.pdf,,Adjusted Weekday schedule,For improved reliability better reflecting actual travel times,Horario ajustado de los días laborables,"Para mejorar la confiabilidad, reflejar mejor los tiempos de viaje reales",Ճշգրտվել է աշխատանքային օրերի գրաֆիկը,Բարելավված հուսալիության համար՝ ավելի լավ արտացոլելով ճամփորդության իրական ժամանակները,已調整工作日時間表,以提高可靠性，更有效反映實際行程時間,평일 일정 조정,실제 이동 시간을 더 정확히 반영하여 신뢰성 개선,平日スケジュールの調整,信頼性を向上させるため、実際の移動時間をより適切に反映,Уточненное расписание на будние дни,Для повышения надежности и более точного отражения фактического времени в пути,Đã điều chỉnh lịch trình Các Ngày Trong Tuần,Để cải thiện độ tin cậy nhằm phù hợp hơn với thời gian di chuyển thực tế
662,,,Line 662 counter-clockwise direction will be modified slightly in downtown Pasadena to connect with other services on Fair Oaks Av and avoid delays .,Avoid delays and improve connections for passengers.,La línea 662 en sentido antihorario se modificará ligeramente en el centro de Pasadena para conectarse con otros servicios en Fair Oaks Av y evitar demoras.,Evitar demoras y mejorar las conexiones para los pasajeros.,Line 662-ը ժամսլաքի հակառակ ուղղությամբ փոքր-ինչ կփոփոխվի Pasadena-ի կենտրոն՝ Fair Oaks Av-ի այլ ծառայությունների հետ կապվելու և ուշացումներից խուսափելու համար։,Խուսափելու համար ուշացումներից և բարելավելու համաև ուղևորության կապերը։,Line 662逆時針方向將在Pasadena市中心稍作調整，以便在Fair Oaks Av與其他服務銜接，並避免延誤。,避免延誤並改善乘客的轉乘銜接。,Pasadena 도심에서 Fair Oaks Av의 다른 서비스와 연결하고 지연를 방지하기 위해 Line 662의 반시계 방향 경로가 약간 수정됩니다.,승객을 위한 지연을 방지하고 연계성을 개선합니다.,Line 662の反時計回りの便はFair Oaks Avの他のサービスと接続して遅延を回避するため、downtown Pasadenaで若干変更されます。,遅延を回避し、乗客の接続性を向上させます。,"Направление против часовой стрелки на Line 662 будет немного изменено в downtown Pasadena, чтобы соединить ее с другими маршрутами на Fair Oaks Av и избежать задержек.",Для сокращения задержек и улучшения согласованности расписания для пассажиров.,Line 662 theo hướng ngược chiều kim đồng hồ sẽ được điều chỉnh đôi chút ở downtown Pasadena để kết nối với các dịch vụ khác trên Fair Oaks Av và tránh tình trạng chậm trễ.,Tránh tình trạng chậm trễ và cải thiện kết nối cho hành khách.
665,665_TT_12-15-24.pdf,,Improved weekday service frequency 35 minute weekdays instead of 50 minute,To reduce wait times for passengers,Frecuencia de servicio mejorada de los días laborables: 35 minutos en lugar de 50 minutos,Para reducir los tiempos de espera de los pasajeros,Ծառայության բարելավված հաճախականությունը աշխատանքային օրերին՝ 35 րոպե աշխատանքային օրերին 50 րոպեի փոխարեն,Ուղևորների սպասման ժամանակը նվազեցնելու համար,工作日服務頻率提升，從50分鐘一班縮短至35分鐘一班,為了縮短乘客的等候時間,평일 운행 배차 간격을 50분에서 35분으로 개선,승객의 대기 시간을 줄이기 위한 조치,平日の50分間隔から35分間隔に変更し、平日のサービス頻度を向上,乗客の待ち時間を減らすため,Сокращение промежутка между рейсами по будням до 35 минут вместо 50 минут,Для сокращения времени ожидания для пассажиров,Cải thiện tần suất dịch vụ trong ngày thường 35 phút thay vì 50 phút,Để giảm thời gian chờ đợi cho hành khách
754,754_TT_12-15-24.pdf,,Adjusted Saturday schedule,For improved reliability better reflecting actual travel times,Horario ajustado de los sábados,Para mejorar la confiabilidad y reflejar mejor los tiempos de viaje reales,Ճշգրտվել է շաբաթ օրվա ժամանակացույցը,Բարելավված հուսալիության համար՝ ավելի լավ արտացոլելով ճամփորդության իրական ժամանակները,調整後的週六時刻表,以提高可靠性，更有效反映實際行程時間,토요일 일정 조정됨,실제 이동 시간을 더 정확히 반영하여 신뢰성 개선,土曜のスケジュールの調整,信頼性を向上させるため、実際の移動時間をより適切に反映,Уточненное расписание на субботу,Для повышения надежности и более точного отражения фактического времени в пути,Điều chỉnh lịch trình Thứ Bảy,Để cải thiện độ tin cậy nhằm phù hợp hơn với thời gian di chuyển thực tế
901,901_TT_12-15-24.pdf,,"Adjusted Weekday, Saturday and Sunday schedules. From a date to be announced in January 2025, Line 901 will detour between the Sepulveda and Woodman Stations via Sepulveda Bl and Oxnard St with bus stops at Oxnard St/Van Nuys corner in place of the Van Nuys Station that will be closed for rebuilding along with a new grade separation for the G Line over Van Nuys Bl.",For improved reliability better reflecting actual travel times during the detouring for the construction of the new Van Nuys Station and grade separation.,"Horario ajustado de los días laborables, sábados y domingos. A partir de una fecha que se anunciará en enero de 2025, la línea 901 se desviará entre las estaciones Sepulveda y Woodman a través de Sepulveda Bl y Oxnard St con paradas de autobús en la esquina Oxnard St/Van Nuys en lugar de la estación Van Nuys que estará cerrada por reconstrucción junto con un nuevo desnivel para Metro G Line sobre Van Nuys Bl.",Para mejorar la confiabilidad y reflejar mejor los tiempos de viaje reales durante el desvío para la construcción de la nueva estación Van Nuys y el paso a nivel.,"Ճշգրտվել են աշխատանքային օրերի, շաբաթ և կիրակի օրերի ժամանակացույցները։ 2025 թվականի հունվարին հայտարարված օրվանից Line 901-ը կշրջանցի Sepulveda և Woodman կայարանների միջև Sepulveda Bl-ով և Oxnard St-ով ավտոբուսի կանգառներով Oxnard St/Van Nuys անկյունում՝ Van Nuys կայարանի տեղում, որը կփակվի վերակառուցման համար՝ G Line-ի նոր տարանջատմամբ Van Nuys Bl-ի միջոցով։",Հուսալիությունը բարելավելու համար ավելի ճշգրիտ են արտացոլվել ճամփորդության իրական ժամանակները Van Nuys կայարանի շինարարության նոր շրջանցման և դասակարգման տարանջատման ընթացքում։,已調整工作日、週六和週日時間表。自2025年1月起（確切日期待公告），Line 901將在Sepulveda站和Woodman站之間繞行，經由Sepulveda Bl和Oxnard St，並在Oxnard St與Van Nuys街角設置公車站，以取代因重建而關閉的Van Nuys站，同時Line G將在Van Nuys大道上方進行新建立交橋工程。,為了提高可靠性，更準確地反映在繞道建設新Van Nuys車站和立交橋期間的實際行駛時間。,"평일, 토요일, 일요일 일정이 조정되었습니다. 2025년 1월에 발표될 날짜부터 Line 901은 Sepulveda Bl 및 Oxnard St를 경유해 Sepulveda Station 및 Woodman Station 사이를 우회하는 경로로 운행하며, Van Nuys Station 대신 Oxnard St/Van Nuys 교차로에 새로운 버스 정류장이 설치됩니다. 이는 Van Nuys Station이 재건축 및 G Line의 Van Nuys Bl 구간 입체 교차로 공사를 위해 폐쇄되기 때문입니다.",새로운 Van Nuys 역 건설을 위한 우회 및 평면 분리 시 실제 이동 시간을 더 정확히 반영하여 신뢰성을 개선합니다.,平日土日スケジュールを調整しました。2025年1月に発表される予定日より、Line 901はSepulveda Station/Woodman Station間 (Sepulveda BlおよびOxnard St経由) を迂回することになり、Van Nuys Bl上を新しく立体交差するG Lineと併せた立て替えのために閉鎖されるVan Nuys Stationの代わりに、Oxnard St/Van Nuysの一角にバス停が設置されます。,新しいVan Nuys Stationと立体交差の建設に伴う迂回時の実際の移動時間をより適切に反映し、信頼性を向上させるため。,"Уточненное расписание на субботу, воскресенье и будние дни. С даты, которая будет объявлена в январе 2025 года, на линии Line 901 будет организован объезд между станциями Sepulveda Station и Woodman Station через Sepulveda Bl и Oxnard St с автобусными остановками на углу Oxnard St / Van Nuys вместо станции Van Nuys Station, которая будет закрыта на реконструкцию вместе с новым разделением уровней для линии Line G через Van Nuys Bl.",Для повышения надежности и улучшенного отражения фактического времени в пути во время объезда в связи со строительством новой станции Van Nuys Station и разделением уровней.,"Đã điều chỉnh lịch trình Các Ngày Trong Tuần, Thứ Bảy và Chủ Nhật. Kể từ ngày sẽ được công bố vào tháng 1 năm 2025, Line 901 sẽ đi vòng giữa Sepulveda Station và Woodman Station qua Sepulveda Bl và Oxnard St với các điểm dừng xe buýt tại góc Oxnard St/Van Nuys thay cho Van Nuys Station sẽ đóng cửa để xây dựng lại cùng với việc phân cấp mới cho G Line qua Van Nuys Bl.",Để cải thiện độ tin cậy nhằm phù hợp hơn với thời gian di chuyển thực tế trong quá trình điều chỉnh lộ trình để xây dựng Van Nuys Station mới và phân cấp.
910,910_TT _12-15-24.pdf,,Added extra trips Saturday/Sunday early AM. Slight reduction in weekday trips in line with ridership.,To accomodate extra passengers and reallocate service hours for other improvements.,Se agregaron viajes adicionales los sábados y domingos temprano por la mañana. Ligera reducción en los viajes de los días laborables en línea con la cantidad de pasajeros.,Para acomodar pasajeros adicionales y reasignar horas de servicio para otras mejoras.,Ավելացվել են լրացուցիչ ուղևորություններ շաբաթ/կիրակի առավոտյան վաղ ժամերին։ Աշխատանքային օրերին ուղևորությունների թվի աննշան նվազում՝ ուղևորահոսքին համապատասխան։,Լրացուցիչ ուղևորներ տեղավորելու և խնայողությունները այլ բարելավումների համար հատկացնելու համար:,週六/週日凌晨加開班次。根據客流量，工作日行程略有減少。,以容納更多乘客，並重新分配服務時間以進行其他改進。,토요일/일요일 이른 오전 운행이 추가되었습니다. 승객 수에 맞춰 평일 운행을 소폭 줄입니다.,더 많은 승객을 수용하고 기타 개선 사항을 위해 서비스 시간을 재배치합니다.,土日早朝の運行を追加しました。乗客数に応じ、平日の運行を少し減らしました。,追加の乗客数に対応し、営業時間をその他の改善に再配分するため。,Добавлены дополнительные рейсы рано утром в субботу/воскресенье. Незначительное сокращение рейсов в будние дни с учетом пассажиропотока.,"Для перевозки большего количества пассажиров, сэкономленные часы обслуживания будут использованы для других улучшений.",Đã tăng thêm chuyến đi bổ sung vào sáng sớm Thứ Bảy/Chủ Nhật. Giảm nhẹ số chuyến đi vào các ngày trong tuần tùy theo lượng hành khách.,Để có thể phục vụ thêm hành khách và phân bổ giờ phục vụ cho các hoạt động cải tiến khác.